Nazwa funduszu,Kurs,Waluta,St. zw. 1D,St. zw. 7D,St. zw. 1M,St. zw. 3M,St. zw. 1R,St. zw. 3L,Data,Ranking 12M

Acer Aggressive FIZ,"174,23",PLN,"0,00","0,00","3,38","0,00","0,00","0,00",2016-04-08,-
AGIO Agresywny (AGIO SFIO),"1 123,46",PLN,"0,00","-2,28","6,84","9,84","-6,96","11,69",2016-04-08,
AGIO Akcji PLUS (AGIO PLUS FIO),"116,87",PLN,"-0,03","-1,07","10,28","0,00","0,00","0,00",2016-04-07,-
AGIO Globalny (AGIO SFIO),"939,23",PLN,"0,00","-1,85","2,38","2,80","-6,12","3,01",2016-04-08,-
AGIO Globalny (EUR) (AGIO SFIO),"220,60",EUR,"0,00","-2,16","4,20","4,97","-11,05","1,37",2016-04-08,-
AGIO Globalny (USD) (AGIO SFIO),"250,39",USD,"0,00","-1,90","8,80","9,85","-7,06","-10,22",2016-04-08,-
AGIO Kapitał (AGIO SFIO),"1 368,81",PLN,"0,00","0,09","0,43","0,71","3,24","14,50",2016-04-08,
AGIO Kapitał (EUR) (AGIO SFIO),"321,49",EUR,"0,00","-0,22","2,21","2,83","-2,18","12,67",2016-04-08,-
AGIO Kapitał (USD) (AGIO SFIO),"364,92",USD,"0,00","0,05","6,72","7,62","2,21","-0,21",2016-04-08,-
AGIO Kapitał PLUS FIO,"118,54",PLN,"0,01","0,07","0,34","0,62","2,90","11,86",2016-04-07,
""
AGIO Market Neutral FIZ,"986,28",PLN,"0,00","0,00","0,71","0,00","0,00","0,00",2016-04-08,-
AGIO Nieruchomości Komercyjnych FIZ AN,"1 065,27",PLN,"0,00","0,00","0,22","0,00","0,00","0,00",2016-04-08,-
AGIO Obligacji PLUS (AGIO PLUS FIO),"100,03",PLN,"-0,04","-0,06","-0,01","0,00","0,00","0,00",2016-04-07,-
AGIO Stabilny PLUS (AGIO PLUS FIO),"100,93",PLN,"0,15","-0,04","0,90","0,00","0,00","0,00",2016-04-07,-
AGIO Wierzytelności NSFIZ,"271,53",PLN,"0,00","0,00","0,32","0,00","0,00","0,00",2016-04-08,-
AGIO Wierzytelności Plus 2 NSFIZ,"185 279,00",PLN,"0,00","0,00","0,28","0,00","0,00","0,00",2016-04-08,-
AGIO Wierzytelności Plus NSFIZ,"214,61",PLN,"0,00","0,00","0,95","0,00","0,00","0,00",2016-04-08,-
Akcyjny + FIZ,"84,94",PLN,"0,00","0,00","0,00","0,00","0,00","0,00",2016-03-30,-
Alior Agresywny (Alior SFIO),"75,76",PLN,"0,26","-2,00","1,35","4,19","-12,63","-9,73",2016-04-07,
Alior Papierów Dłużnych (Alior SFIO),"107,82",PLN,"-0,15","-0,31","-0,19","0,03","-2,08","0,00",2016-04-07,-
Alior Pieniężny (Alior SFIO),"100,34",PLN,"0,01","0,01","0,32","0,00","0,00","0,00",2016-04-07,-
Alior Stabilnych Spółek (Alior SFIO),"99,27",PLN,"-0,05","-3,41","0,78","6,33","-16,23","-16,20",2016-04-07,
Alior Zmiennej Alokacji (Alior SFIO),"68,10",PLN,"-0,44","-3,07","-1,90","0,49","-18,77","-24,86",2016-04-07,
Allianz Akcji (Allianz FIO),"132,44",PLN,"-0,20","-3,09","0,77","6,08","-17,16","-16,32",2016-04-07,
Allianz Akcji Azjatyckich (Allianz SFIO),"90,84",PLN,"0,56","-1,31","1,28","5,20","-16,75","0,00",2016-04-07,
Allianz Akcji Globalnych (Allianz FIO),"105,71",PLN,"0,66","-0,83","0,86","1,63","-10,59","0,00",2016-04-07,
Allianz Akcji Małych i Średnich Spółek (Allianz FIO),"118,01",PLN,"0,64","-1,70","1,30","1,80","-7,52","16,63",2016-04-07,
Allianz Aktywnej Alokacji (Allianz FIO),"102,56",PLN,"-0,14","-0,97","0,23","0,81","-10,14","-11,76",2016-04-07,-
Allianz Discovery FIZ seria A,"1 165,48",PLN,"0,00","0,00","-0,88","-3,80","0,00","0,00",2016-04-08,-
Allianz Discovery FIZ seria B,"1 170,31",PLN,"0,00","0,00","-0,73","-3,88","0,00","0,00",2016-04-08,-
Allianz Globalny Stabilnego Dochodu (Allianz FIO),"103,24",PLN,"0,12","-0,09","0,79","2,89","0,00","0,00",2016-04-07,-
Allianz Income and Growth FIZ,"1 001,46",PLN,"0,00","0,00","0,00","0,00","0,00","0,00",2016-04-08,-
Allianz Long-Short Strategy FIZ seria A,"300,45",PLN,"0,00","0,00","-3,37","-3,37","-1,48","-5,35",2016-04-08,-
Allianz Long-Short Strategy FIZ seria B,"304,36",PLN,"0,00","0,00","-2,93","-2,93","0,00","0,00",2016-04-08,-
Allianz Nowa Energia FIZ,"965,10",PLN,"0,00","0,00","6,26","0,00","0,00","0,00",2016-04-08,-
Allianz Obligacji Globalnych (Allianz FIO),"101,30",PLN,"-0,01","0,09","1,05","0,70","-3,39","0,00",2016-04-07,-
Allianz Obligacji Korporacyjnych FIZ seria A,"1 133,46",PLN,"0,00","0,00","0,28","0,00","0,00","0,00",2016-04-08,
Allianz Obligacji Korporacyjnych FIZ seria B,"1 134,30",PLN,"0,00","0,00","0,33","0,00","0,00","0,00",2016-04-08,
Allianz Obligacji Korporacyjnych FIZ seria C,"1 165,05",PLN,"0,00","0,00","0,43","0,00","0,00","0,00",2016-04-08,
Allianz Obligacji Plus (Allianz FIO),"159,90",PLN,"0,04","0,05","0,50","0,74","-1,03","0,00",2016-04-07,
Allianz Obligacji Plus A1 (Allianz FIO),"160,87",PLN,"0,04","0,06","0,53","0,86","-0,54","0,00",2016-04-07,-
Allianz Obligacji Plus A2 (Allianz FIO),"160,87",PLN,"0,04","0,06","0,53","0,86","-0,54","0,00",2016-04-07,-
Allianz Pieniężny (Allianz FIO),"148,82",PLN,"-0,01","-0,04","0,23","0,38","0,38","6,15",2016-04-07,
Allianz Polskich Obligacji Skarbowych (Allianz FIO),"137,20",PLN,"-0,20","-0,38","-0,27","0,64","-1,11","6,55",2016-04-07,
Allianz Selektywny (Allianz FIO),"85,61",PLN,"-0,22","-2,86","0,65","4,16","-13,08","5,11",2016-04-07,
Allianz Stabilnego Wzrostu (Allianz FIO),"124,09",PLN,"-0,14","-1,09","0,30","2,27","-6,70","-3,12",2016-04-07,
Allianz Surowców i Energii (Allianz FIO),"88,16",PLN,"0,33","-1,67","-2,67","0,00","0,00","0,00",2016-04-07,-
ALTUS Absolutnej Stopy Zwrotu Dłużny (FIO Parasolowy),"117,34",PLN,"0,06","-0,02","0,70","2,04","2,11","13,01",2016-04-07,-
ALTUS Absolutnej Stopy Zwrotu FIZ GlobAl,"105,39",PLN,"0,00","0,00","-0,16","0,00","0,00","0,00",2016-04-08,-
ALTUS Absolutnej Stopy Zwrotu FIZ Obligacji 1,"130,63",PLN,"0,00","0,00","0,80","0,00","0,00","0,00",2016-04-08,-
ALTUS Absolutnej Stopy Zwrotu FIZ Rynku Polskiego 2,"145,79",PLN,"0,00","0,00","1,13","0,00","0,00","0,00",2016-04-08,-
ALTUS Absolutnej Stopy Zwrotu Nowej Europy (FIO Parasolowy),"109,24",PLN,"-0,09","-0,56","0,78","2,00","0,65","0,00",2016-04-07,-
ALTUS Absolutnej Stopy Zwrotu Rynków Zagranicznych (ALTUS Absolutnej Stopy Zwrotu FIZ),"228,30",PLN,"0,00","0,00","1,24","0,00","0,00","0,00",2016-04-08,-
ALTUS Absolutnej Stopy Zwrotu Rynku Polskiego (ALTUS Absolutnej Stopy Zwrotu FIZ),"225,18",PLN,"0,00","0,00","1,51","0,00","0,00","0,00",2016-04-08,-
ALTUS Absolutnej Stopy Zwrotu Rynku Polskiego (FIO Parasolowy),"136,51",PLN,"0,21","0,23","1,81","1,62","1,26","11,94",2016-04-07,-
ALTUS Akcji (FIO Parasolowy),"142,98",PLN,"-0,29","-2,09","1,66","3,66","-7,90","13,32",2016-04-07,
ALTUS Aktywnego Zarządzania (FIO Parasolowy),"110,97",PLN,"0,05","-0,33","1,47","2,55","-2,73","0,00",2016-04-07,
ALTUS FIZ Akcji +,"127,81",PLN,"0,00","0,00","2,45","0,00","0,00","0,00",2016-04-08,
ALTUS FIZ Aktywnej Alokacji Spółek Dywidendowych,"127,09",PLN,"0,00","0,00","1,40","0,00","0,00","0,00",2016-04-08,-
ALTUS FIZ Aktywny Akcji,"107,22",PLN,"0,00","0,00","3,43","0,00","0,00","0,00",2016-04-08,
ALTUS FIZ GlobAl 2,"110,13",PLN,"0,00","0,00","1,93","0,00","0,00","0,00",2016-04-08,-
ALTUS NSFIZ Wierzytelności,"219 311,00",PLN,"0,00","0,00","0,44","1,30","0,00","0,00",2016-04-08,-
ALTUS NSFIZ Wierzytelności 2,"203 121,00",PLN,"0,00","0,00","1,63","2,46","0,00","0,00",2016-04-08,-
ALTUS Optymalnego Wzrostu (FIO Parasolowy),"110,48",PLN,"0,05","0,05","1,55","1,53","0,75","0,00",2016-04-07,-
ALTUS Pieniężny (FIO Parasolowy),"106,58",PLN,"0,09","0,17","0,55","0,69","1,74","0,00",2016-04-07,
ALTUS Short (FIO Parasolowy),"109,98",PLN,"1,09","3,91","-1,12","-5,81","16,45","19,78",2016-04-07,-
ALTUS Stabilnego Wzrostu (FIO Parasolowy),"118,06",PLN,"-0,06","-0,43","1,26","1,61","-1,93","0,00",2016-04-07,
Amundi Akcji Małych i Średnich Spółek (Amundi Parasolowy FIO),"102,44",PLN,"0,48","-2,20","-0,50","1,13","-5,69","0,00",2016-04-07,
Amundi Akcyjny (Amundi Parasolowy FIO),"86,57",PLN,"-0,29","-3,41","-1,33","2,39","-15,74","0,00",2016-04-07,
Amundi Globalnych Perspektyw (Amundi Parasolowy FIO),"100,14",PLN,"0,06","-0,28","0,46","0,00","0,00","0,00",2016-04-07,-
Amundi Obligacji (Amundi Parasolowy FIO),"106,41",PLN,"-0,03","-0,08","0,39","-0,02","-3,03","0,00",2016-04-07,
Amundi Płynnościowy (Amundi Parasolowy FIO),"104,08",PLN,"-0,01","-0,02","0,10","0,32","1,55","0,00",2016-04-07,
Amundi Stabilnego Wzrostu (Amundi Parasolowy FIO),"100,78",PLN,"-0,08","-1,23","-0,49","0,23","-6,47","0,00",2016-04-07,
Amundi Zrównoważony (Amundi Parasolowy FIO),"96,23",PLN,"-0,23","-1,93","-0,73","0,70","-9,30","0,00",2016-04-07,
Andromeda FIZ seria A,"1 219,01",PLN,"0,00","0,00","2,48","0,00","0,00","0,00",2016-04-08,-
Andromeda FIZ seria B,"1 116,85",PLN,"0,00","0,00","2,33","0,00","0,00","0,00",2016-04-08,-
Arka BZ WBK Akcji Polskich (Arka BZ WBK FIO),"29,91",PLN,"0,81","-1,42","1,32","5,43","-15,20","-5,47",2016-04-08,
Arka BZ WBK Akcji Środkowej i Wschodniej Europy (Arka BZ WBK FIO),"37,37",PLN,"1,41","0,16","1,83","6,29","-11,97","-17,14",2016-04-08,
Arka BZ WBK Akcji Środkowej i Wschodniej Europy (EUR) (Arka BZ WBK FIO),"8,70",EUR,"0,63","-1,11","2,76","7,59","-17,28","-19,91",2016-04-08,-
Arka BZ WBK Akcji Środkowej i Wschodniej Europy FIZ,"95,22",PLN,"-0,30","-2,16","1,49","5,68","0,00","0,00",2016-04-07,
Arka BZ WBK Akcji Tureckich (Arka BZ WBK FIO),"40,36",PLN,"1,46","0,98","5,13","13,66","-7,03","-23,36",2016-04-08,-
Arka BZ WBK Akcji Tureckich (EUR) (Arka BZ WBK FIO),"9,40",EUR,"0,68","-0,30","6,10","15,05","-12,63","-25,92",2016-04-08,-
Arka BZ WBK Gotówkowy (Arka BZ WBK FIO),"29,16",PLN,"0,00","-0,03","0,03","0,10","1,07","5,35",2016-04-08,
Arka BZ WBK Obligacji Europejskich (Arka BZ WBK FIO),"79,62",PLN,"0,82","1,38","-0,62","-0,95","5,28","7,59",2016-04-08,-
Arka BZ WBK Obligacji Europejskich (EUR) (Arka BZ WBK FIO),"18,55",EUR,"0,05","0,09","0,29","0,27","-1,08","4,00",2016-04-08,-
Arka BZ WBK Obligacji Korporacyjnych (Arka BZ WBK FIO),"59,14",PLN,"0,02","0,08","0,60","0,53","0,72","8,26",2016-04-08,
Arka BZ WBK Obligacji Skarbowych (Arka BZ WBK FIO),"21,06",PLN,"0,00","-0,38","-0,09","0,62","-0,80","7,18",2016-04-08,
Arka BZ WBK Stabilnego Wzrostu (Arka BZ WBK FIO),"29,61",PLN,"0,24","-0,70","0,61","2,35","-6,36","2,03",2016-04-08,
Arka BZ WBK Zrównoważony (Arka BZ WBK FIO),"27,78",PLN,"0,51","-0,96","0,87","3,46","-9,92","0,80",2016-04-08,
Arka Platinum Dynamiczny (Arka BZ WBK FIO),"37,58",PLN,"0,72","0,45","-1,16","-1,83","-8,39","0,00",2016-04-08,-
Arka Platinum Dynamiczny (EUR) (Arka BZ WBK FIO),"8,75",EUR,"-0,05","-0,82","-0,25","-0,62","-13,91","0,00",2016-04-08,-
Arka Platinum Dynamiczny (USD) (Arka BZ WBK FIO),"9,97",USD,"-0,04","-0,90","3,12","4,06","-9,76","0,00",2016-04-08,-
Arka Platinum Konserwatywny (Arka BZ WBK FIO),"61,77",PLN,"0,13","-0,10","-0,08","0,18","-1,95","0,00",2016-04-08,
Arka Platinum Stabilny (Arka BZ WBK FIO),"59,23",PLN,"0,39","0,08","-0,57","-0,72","-5,05","0,00",2016-04-08,-
Arka Platinum Stabilny (EUR) (Arka BZ WBK FIO),"13,80",EUR,"-0,38","-1,18","0,34","0,50","-10,78","0,00",2016-04-08,-
Arka Platinum Stabilny (USD) (Arka BZ WBK FIO),"15,71",USD,"-0,37","-1,26","3,73","5,24","-6,48","0,00",2016-04-08,-
Arka Prestiż Akcji Europejskich (Arka Prestiż SFIO),"1 013,69",PLN,"-0,98","-2,99","-2,46","0,00","0,00","0,00",2016-04-08,-
Arka Prestiż Akcji Polskich (Arka Prestiż SFIO),"1 184,47",PLN,"0,48","-0,29","3,40","6,23","-6,36","20,63",2016-04-08,
Arka Prestiż Akcji Środkowej i Wschodniej Europy (Arka Prestiż SFIO),"993,40",PLN,"1,38","0,63","1,78","6,18","-3,78","-8,85",2016-04-08,
Arka Prestiż Europejskich Spółek Dywidendowych (Arka Prestiż SFIO),"990,25",PLN,"-0,40","-1,60","-2,13","0,00","0,00","0,00",2016-04-08,-
Arka Prestiż Gotówkowy (Arka Prestiż SFIO),"1 041,27",PLN,"-0,01","-0,04","-0,02","0,08","1,00","0,00",2016-04-08,
Arka Prestiż Obligacji Korporacyjnych (Arka Prestiż SFIO),"1 258,62",PLN,"0,02","0,09","0,61","0,58","0,92","9,70",2016-04-08,
Arka Prestiż Obligacji Skarbowych (Arka Prestiż SFIO),"1 332,07",PLN,"0,11","-0,32","-0,00","0,77","-0,64","8,64",2016-04-08,
Aviva Investors Akcji Europy Wschodzącej (Aviva Investors FIO),"85,82",PLN,"-0,02","-1,85","-0,02","3,27","-12,69","-29,08",2016-04-07,
Aviva Investors Akcji Rynków Wschodzących (Aviva Investors FIO),"106,76",PLN,"-0,31","-2,40","-2,73","0,38","-12,97","-3,90",2016-04-07,
Aviva Investors Aktywnej Alokacji (Aviva Investors FIO),"108,10",PLN,"-0,65","-2,42","-1,86","-2,43","-11,01","15,52",2016-04-07,-
Aviva Investors Depozyt Plus (Aviva Investors FIO),"175,58",PLN,"-0,02","-0,07","0,01","0,03","0,35","3,70",2016-04-07,
Aviva Investors Dłużnych Papierów Korporacyjnych (Aviva Investors FIO),"123,10",PLN,"0,17","0,31","0,97","0,84","1,50","10,53",2016-04-07,
Aviva Investors Małych Spółek (Aviva Investors FIO),"155,40",PLN,"0,45","-1,11","1,83","2,37","-1,80","8,57",2016-04-07,
Aviva Investors Nowoczesnych Technologii (Aviva Investors FIO),"138,87",PLN,"-0,17","-0,68","1,40","2,66","-3,04","20,69",2016-04-07,-
Aviva Investors Nowych Spółek (Aviva Investors FIO),"157,33",PLN,"0,65","-0,42","3,40","2,59","-5,39","11,20",2016-04-07,
Aviva Investors Obligacji (Aviva Investors FIO),"227,03",PLN,"-0,25","-0,14","0,00","0,87","0,45","6,88",2016-04-07,
Aviva Investors Obligacji Dynamiczny (Aviva Investors FIO),"142,36",PLN,"-0,01","0,20","0,89","2,45","2,65","20,01",2016-04-07,
Aviva Investors Obligacji Zamiennych (Aviva Investors FIO),"98,93",PLN,"0,08","-0,30","0,52","-0,86","-3,23","0,00",2016-04-07,
Aviva Investors Ochrony Kapitału Plus (Aviva Investors FIO),"170,56",PLN,"-0,05","-0,58","0,12","0,75","-0,49","1,02",2016-04-07,
Aviva Investors Optymalnego Wzrostu (Aviva Investors FIO),"106,62",PLN,"-0,07","-2,19","-0,83","-2,54","-15,14","-7,87",2016-04-07,-
Aviva Investors Polskich Akcji (Aviva Investors FIO),"406,44",PLN,"0,22","-1,79","0,63","3,92","-11,22","2,86",2016-04-07,
Aviva Investors Spółek Dywidendowych (Aviva Investors SFIO),"116,76",PLN,"0,05","-2,39","0,22","5,79","-10,04","0,00",2016-04-07,
Aviva Investors Stabilnego Inwestowania (Aviva Investors FIO),"265,01",PLN,"-0,07","-0,82","-0,04","1,39","-4,28","5,23",2016-04-07,
Aviva Investors Zrównoważony (Aviva Investors FIO),"116,16",PLN,"0,02","-1,25","0,10","2,10","-7,17","3,99",2016-04-07,
Aviva Oszczędnościowy (Aviva SFIO),"97,32",PLN,"0,00","-0,40","-1,27","-2,12","0,00","0,00",2016-04-07,-
AXA Akcji (AXA FIO),"97,08",PLN,"-0,13","-3,57","-0,99","-0,01","-20,24","-5,23",2016-04-07,
AXA Akcji Dużych Spółek (AXA FIO),"101,84",PLN,"0,06","-3,26","-0,13","2,58","-16,35","-1,77",2016-04-07,
AXA Akcji Małych i Średnich Spółek (AXA FIO),"101,88",PLN,"1,09","-1,72","-0,60","-0,31","-8,89","0,00",2016-04-07,
AXA Akcji Spółek Dywidendowych (AXA FIO),"93,90",PLN,"-0,05","-1,70","0,85","2,48","-15,97","0,00",2016-04-07,
AXA FIZ Globalnych Akcji,"936,24",PLN,"0,00","0,00","4,01","-6,28","0,00","0,00",2016-04-08,-
AXA FIZ Globalnych Obligacji,"1 143,29",PLN,"0,00","0,00","1,46","0,00","0,00","0,00",2016-04-08,-
AXA Lokacyjny (AXA FIO),"119,33",PLN,"0,01","-0,02","0,20","0,50","1,28","6,52",2016-04-07,
AXA Makro Alokacji (AXA FIO),"100,66",PLN,"0,01","-2,13","-0,71","-0,16","-14,79","-6,32",2016-04-07,
AXA Obligacji (AXA FIO),"131,17",PLN,"-0,14","-0,28","-0,05","0,56","-0,18","9,03",2016-04-07,
AXA Obligacji Korporacyjnych (AXA FIO),"125,82",PLN,"-0,02","0,05","0,45","0,62","-0,12","6,83",2016-04-07,
AXA Selective Equity (AXA FIO),"120,16",PLN,"-0,67","-1,19","-0,51","-1,49","-20,02","9,98",2016-04-07,
AXA Selective Equity F (AXA FIO),"120,35",PLN,"0,10","-0,28","2,03","0,00","0,00","0,00",2016-03-17,-
AXA Stabilnego Wzrostu (AXA FIO),"111,83",PLN,"-0,23","-1,02","-0,17","-0,10","-9,26","-0,51",2016-04-07,
BGŻ BNP Paribas Aktywnego Inwestowania (BGŻ BNP Paribas FIO),"100,06",PLN,"-0,02","0,06","0,00","0,00","0,00","0,00",2016-04-07,-
BGŻ BNP Paribas Dynamicznego Inwestowania (BGŻ BNP Paribas FIO),"97,92",PLN,"-0,37","-2,08","0,00","0,00","0,00","0,00",2016-04-07,-
BGŻ BNP Paribas Globalny Dynamicznego Wzrostu (BGŻ BNP Paribas FIO),"99,94",PLN,"-0,01","-0,06","0,00","0,00","0,00","0,00",2016-04-07,-
BGŻ BNP Paribas Globalny Stabilnego Wzrostu (BGŻ BNP Paribas FIO),"99,95",PLN,"-0,01","-0,05","0,00","0,00","0,00","0,00",2016-04-07,-
BGŻ BNP Paribas Obligacji (BGŻ BNP Paribas FIO),"99,98",PLN,"-0,01","-0,02","0,00","0,00","0,00","0,00",2016-04-07,-
BGŻ BNP Paribas Pieniężny (BGŻ BNP Paribas FIO),"100,03",PLN,"0,00","0,03","0,00","0,00","0,00","0,00",2016-04-07,-
BGŻ BNP Paribas Stabilnego Inwestowania (BGŻ BNP Paribas FIO),"99,45",PLN,"-0,12","-0,55","0,00","0,00","0,00","0,00",2016-04-07,-
BGŻ Dynamiczny (BGŻ SFIO),"96,44",PLN,"0,26","-1,58","-0,05","0,43","-8,65","0,00",2016-04-08,
BGŻ Konserwatywny (BGŻ SFIO),"104,57",PLN,"-0,02","-0,11","0,11","0,73","-0,30","0,00",2016-04-08,-
BGŻ Multistrategia (BGŻ SFIO),"100,49",PLN,"0,07","-0,80","-0,21","0,84","-5,41","0,00",2016-04-08,
BGŻ Systematycznego Oszczędzania (BGŻ SFIO),"101,48",PLN,"-0,06","-0,25","-0,07","0,49","-3,26","0,00",2016-04-08,
BNP Paribas Akcji (BNP Paribas FIO),"123,09",PLN,"-0,06","-3,25","-0,43","4,46","-12,52","7,35",2016-04-07,
BNP Paribas Papierów Dłużnych (BNP Paribas FIO),"124,44",PLN,"-0,14","-0,27","0,13","0,85","0,66","8,71",2016-04-07,
BNP Paribas Stabilnego Wzrostu (BNP Paribas FIO),"136,98",PLN,"-0,13","-1,35","-0,26","1,84","-4,80","5,79",2016-04-07,
Bonus Wierzytelności DTP NSFIZ,"200 612,00",PLN,"0,00","0,00","0,26","0,27","0,00","0,00",2016-04-08,-
BPH Akcji (BPH FIO Parasolowy),"274,69",PLN,"-0,21","-2,94","1,33","6,04","-11,90","-0,03",2016-04-07,
BPH Akcji Dynamicznych Spółek (BPH FIO Parasolowy),"49,29",PLN,"0,53","-1,81","1,69","0,82","-3,92","18,91",2016-04-07,
BPH Akcji Dynamicznych Spółek (USD) (BPH FIO Parasolowy),"13,17",USD,"0,77","-1,35","7,33","7,95","-3,87","2,81",2016-04-07,-
BPH Akcji Europy Wschodzącej (BPH FIO Parasolowy),"56,73",PLN,"-0,75","-2,83","1,78","5,54","-5,84","-14,31",2016-04-07,-
BPH Akcji Europy Wschodzącej (EUR) (BPH FIO Parasolowy),"13,32",EUR,"-0,82","-2,63","3,42","7,77","-10,18","-15,86",2016-04-07,-
BPH Akcji Globalny (BPH FIO Parasolowy),"162,53",PLN,"-0,51","-2,71","-2,70","-0,87","-9,90","15,33",2016-04-07,
BPH Bezpieczna Inwestycja 1 FIZ,"175,82",PLN,"0,00","0,00","0,07","0,00","0,00","0,00",2016-04-08,-
BPH Bezpieczna Inwestycja 2 FIZ,"148,15",PLN,"0,00","0,00","0,11","0,00","0,00","0,00",2016-04-08,-
BPH Bezpieczna Inwestycja 3 FIZ,"131,71",PLN,"0,00","0,00","0,02","0,00","0,00","0,00",2016-04-08,-
BPH Bezpieczna Inwestycja 4 FIZ,"120,73",PLN,"0,00","0,00","0,05","0,00","0,00","0,00",2016-04-08,-
BPH Bezpieczna Inwestycja 5 FIZ,"121,48",PLN,"0,00","0,00","-0,26","0,00","0,00","0,00",2016-04-08,-
BPH Bezpieczna Inwestycja 6 FIZ,"112,79",PLN,"0,00","0,00","-0,27","0,00","0,00","0,00",2016-04-08,-
BPH Dochodowych Surowców FIZ,"114,50",PLN,"0,00","0,00","-0,35","0,00","0,00","0,00",2016-04-08,-
BPH Dywidendowy (BPH FIO Parasolowy),"107,46",PLN,"0,01","-1,35","1,84","0,00","0,00","0,00",2016-04-07,-
BPH FIO Strategii Akcyjnej,"1 088,01",PLN,"0,36","-0,41","2,89","2,12","2,36","6,14",2016-04-07,-
BPH FIZ Multi Inwestycja,"93,15",PLN,"0,00","-0,86","2,44","0,15","0,00","0,00",2016-04-08,-
BPH Globalny Żywności i Surowców (BPH FIO Parasolowy),"84,61",PLN,"-0,59","-3,33","-3,33","-0,17","-21,04","-38,18",2016-04-07,-
BPH Korzystnego Kursu FIZ,"114,53",PLN,"0,00","0,00","-0,11","0,00","0,00","0,00",2016-04-08,-
BPH Obligacji 1 (BPH FIO Parasolowy),"283,48",PLN,"-0,15","-0,21","0,12","0,87","1,07","8,25",2016-04-07,
BPH Obligacji 2 (BPH FIO Parasolowy),"3 374,87",PLN,"-0,15","-0,21","0,12","0,87","0,56","12,17",2016-04-07,
BPH Obligacji Korporacyjnych (BPH FIO Parasolowy),"13,76",PLN,"0,00","0,07","0,44","0,58","1,85","0,00",2016-04-07,
BPH Obligacji Korporacyjnych (USD) (BPH FIO Parasolowy),"3,68",USD,"0,27","0,55","6,05","7,92","1,94","0,00",2016-04-07,-
BPH Pieniężny (BPH FIO Parasolowy),"103,91",PLN,"0,00","0,00","0,21","0,30","1,28","0,00",2016-04-07,
BPH Selektywny (BPH FIO Parasolowy),"148,98",PLN,"-0,06","-0,35","1,92","2,03","2,59","15,56",2016-04-07,-
BPH Skarbowy (BPH FIO Parasolowy),"34,70",PLN,"-0,03","-0,06","0,12","0,09","0,49","4,74",2016-04-07,
BPH Stabilnego Wzrostu (BPH FIO Parasolowy),"16,75",PLN,"-0,18","-1,30","0,54","2,63","-4,23","3,97",2016-04-07,
BPH Superior Akcji (BPH Superior FIO),"97,81",PLN,"-0,21","-2,94","1,84","7,97","0,00","0,00",2016-04-07,-
BPH Superior Obligacji (BPH Superior FIO),"104,16",PLN,"-0,15","-0,26","0,18","1,44","0,00","0,00",2016-04-07,-
BPH Superior Pieniężny (BPH Superior FIO),"101,57",PLN,"-0,01","-0,03","0,12","0,38","0,00","0,00",2016-04-07,-
BPH Superior Selektywny (BPH Superior FIO),"107,77",PLN,"-0,08","-0,36","2,24","2,40","0,00","0,00",2016-04-07,-
BPH Zrównoważony (BPH FIO Parasolowy),"2,07",PLN,"-0,48","-2,36","0,49","3,50","-8,41","-0,96",2016-04-07,
BPS Akcji (BPS FIO),"92,91",PLN,"0,28","-1,94","1,76","7,09","-11,97","4,36",2016-04-08,
BPS Obligacji (BPS FIO),"132,41",PLN,"-0,15","-0,35","0,03","1,05","0,08","13,38",2016-04-08,
BPS Obligacji Korporacyjnych (BPS SFIO),"1 107,71",PLN,"0,04","0,14","0,43","0,42","2,44","0,00",2016-04-08,
BPS Pieniężny (BPS FIO),"129,02",PLN,"0,00","0,05","0,38","0,28","1,39","0,00",2016-04-08,
BPS Płynnościowy (BPS SFIO),"1 090,73",PLN,"0,03","0,09","0,32","0,29","2,00","0,00",2016-04-08,
BPS Stabilnego Wzrostu (BPS FIO),"110,11",PLN,"-0,06","-0,98","0,64","3,04","-5,68","3,91",2016-04-08,
Caspar Akcji Polskich (Caspar Parasolowy FIO),"128,32",PLN,"0,41","0,23","6,68","9,01","-8,11","13,43",2016-04-08,
Caspar Akcji Środkowej i Wschodniej Europy (Caspar Parasolowy FIO),"118,11",PLN,"1,06","0,72","1,37","-0,71","0,00","0,00",2016-04-08,-
Caspar Akcji Tureckich (Caspar Parasolowy FIO),"100,96",PLN,"1,62","1,11","6,13","12,58","4,67","-5,28",2016-04-08,-
Caspar Globalny (Caspar Parasolowy FIO),"90,18",PLN,"1,35","0,04","-1,97","-5,20","0,00","0,00",2016-04-08,-
Caspar Ochrony Kapitału (Caspar Parasolowy FIO),"104,67",PLN,"-0,13","-0,22","0,01","0,17","1,10","0,00",2016-04-08,
Conerga greenENERGY FIZ AN,"129,29",PLN,"0,00","0,00","1,17","0,00","0,00","0,00",2016-04-08,-
Copernicus Akcji (Copernicus FIO),"118,28",PLN,"0,51","0,20","6,48","9,55","-3,13","31,42",2016-04-08,
Copernicus Dłużny Skarbowy Plus (Copernicus FIO),"117,15",PLN,"-0,27","-0,66","0,44","1,15","-2,11","12,80",2016-04-08,
Copernicus Spółek Wzrostowych (Copernicus FIO),"163,28",PLN,"0,75","-0,47","3,60","11,41","-5,22","35,41",2016-04-08,
CORUM Absolute Return FIZ,"14 114,00",PLN,"0,00","0,00","5,19","8,10","-2,14","32,10",2016-04-08,-
CORUM Opportunity Absolute Return FIZ,"15 598,40",PLN,"0,00","0,00","2,34","6,10","14,25","57,33",2016-04-08,-
CP Absolute Return (CP FIZ),"119,92",PLN,"0,00","0,00","-2,69","-2,69","0,00","0,00",2016-04-08,-
CP Private Equity (CP FIZ),"128,29",PLN,"0,00","0,00","-2,28","-2,28","0,00","0,00",2016-04-08,-
Credit Agricole Akcji Nowej Europy (Credit Agricole FIO),"79,70",PLN,"1,24","0,31","1,76","5,38","-10,31","-20,61",2016-04-08,
Credit Agricole Akcyjny (Credit Agricole FIO),"98,98",PLN,"0,61","-0,40","2,26","5,21","-7,98","12,41",2016-04-08,
Credit Agricole Dynamiczny Polski (Credit Agricole FIO),"161,61",PLN,"0,43","-0,30","1,80","3,77","-6,35","5,68",2016-04-08,
Credit Agricole Lokacyjny (Credit Agricole FIO),"128,60",PLN,"-0,02","-0,06","0,02","-0,05","0,09","2,88",2016-04-08,
Credit Agricole Stabilnego Wzrostu (Credit Agricole FIO),"226,28",PLN,"0,20","-0,17","1,01","1,94","-2,80","10,68",2016-04-08,
DB Fund Dynamiczny (DB Funds FIO),"12,39",PLN,"-0,40","-1,59","1,06","1,98","-6,21","12,94",2016-04-07,
DB Fund Globalny Zrównoważony (DB Funds FIO),"11,42",PLN,"0,26","-0,70","-1,55","-1,55","0,88","9,91",2016-04-07,-
DB Fund Instrumentów Dłużnych (DB Funds FIO),"11,53",PLN,"-0,09","0,00","0,17","0,26","0,09","6,86",2016-04-07,
Distressed Assets FIZ AN,"1 325,93",PLN,"0,00","0,00","5,63","0,00","0,00","0,00",2016-04-08,-
Eques Akcji (Eques SFIO),"13,77",PLN,"-0,36","-4,24","-0,51","5,68","-3,50","15,33",2016-04-07,
Eques Aktywnej Alokacji (Eques SFIO),"10,30",PLN,"-0,87","-2,28","1,08","-0,10","-9,81","-5,68",2016-04-07,
Eques Creditum FIZ NFS,"190 512,00",PLN,"0,00","0,00","0,63","0,00","0,00","0,00",2016-04-08,-
Eques Debitum 2 FIZ NFS,"1 263,91",PLN,"0,00","0,00","0,46","0,00","0,00","0,00",2016-04-08,-
Eques Debitum FIZ NFS,"287 922,00",PLN,"0,00","0,00","0,58","0,00","0,00","0,00",2016-04-08,-
Eques Fotovoltaica FIZ,"983,19",PLN,"0,00","0,00","-1,01","0,00","0,00","0,00",2016-04-08,-
Eques Obligacji (Eques SFIO),"11,77",PLN,"0,00","-0,42","-0,34","0,17","0,08","10,93",2016-04-07,
Eques Pieniężny (Eques SFIO),"11,60",PLN,"0,00","-0,51","-0,34","-0,17","1,93","9,95",2016-04-07,
Eques Total Return FIZ,"899,88",PLN,"0,00","0,00","0,86","0,00","0,00","0,00",2016-04-08,-
Eurogeddon (Opera SFIO),"6,22",PLN,"0,00","3,15","-3,42","-3,57","33,48","-32,83",2016-04-08,-
FIAR Fixed Income Absolute Return FIZ,"1 039,35",PLN,"0,00","0,00","1,10","2,40","0,00","0,00",2016-04-08,-
First Private Equity FIZ AN,"1 405,46",PLN,"0,00","0,00","-3,38","0,00","0,00","0,00",2016-04-08,-
FIZ AN Deweloperski Nieruchomości Komercyjnych SATUS,"670,35",PLN,"0,00","0,00","-0,17","0,00","0,00","0,00",2016-04-08,-
FIZ BDM Obligo,"1 060,08",PLN,"0,00","0,00","1,43","1,43","0,00","0,00",2016-04-08,-
FIZ Nieruchomości Dywidendowych,"101,03",PLN,"0,00","0,96","2,26","1,35","0,00","0,00",2016-04-08,-
Franklin Elastycznego Dochodu (FT FIO),"100,75",PLN,"0,07","0,03","0,45","0,00","0,00","0,00",2016-04-07,-
Franklin Zmiennej Alokacji (FT FIO),"99,89",PLN,"-0,12","-0,69","-0,63","0,00","0,00","0,00",2016-04-07,-
Fundusz Własności Pracowniczej PKP SFIO,"342,94",PLN,"-0,10","-0,59","0,55","3,39","53,52","339,78",2016-04-07,-
Global Bond FIZ,"103,58",PLN,"0,00","0,00","0,46","0,00","0,00","0,00",2016-04-08,-
Globalny Fundusz Medyczny FIZ,"89,70",PLN,"0,00","0,00","0,65","0,00","0,00","0,00",2016-04-08,-
GO FUND Property FIZ,"1,04",PLN,"0,00","0,00","0,00","1,58","2,78","0,00",2016-03-30,-
HFT Akcji Amerykańskich FIZ,"122,74",PLN,"0,00","0,00","5,67","5,87","0,00","0,00",2016-04-08,-
HFT Algorytmiczny FIZ,"112,47",PLN,"0,00","0,00","-0,28","-0,04","0,00","0,00",2016-04-08,-
HFT Global Invest FIZ,"115,29",PLN,"0,00","0,00","0,80","3,30","0,00","0,00",2016-04-08,-
ING BSK Indeks MSCI EMU (ING BSK Fundusze Indeksowe SFIO),"85,31",PLN,"-0,47","-3,79","-3,50","-5,56","0,00","0,00",2016-04-08,-
ING BSK Indeks S&P; 500 (ING BSK Fundusze Indeksowe SFIO),"97,33",PLN,"-0,14","-0,87","1,79","4,61","0,00","0,00",2016-04-08,-
ING BSK Indeks WIG 20 (ING BSK Fundusze Indeksowe SFIO),"95,25",PLN,"-0,78","-4,65","0,34","8,49","0,00","0,00",2016-04-08,-
ING Pakiet Dynamiczny (ING Konto Funduszowe SFIO),"92,91",PLN,"-0,39","-1,23","0,79","1,37","-8,37","0,00",2016-04-07,-
ING Pakiet Ostrożny (ING Konto Funduszowe SFIO),"100,30",PLN,"-0,05","-0,03","0,47","0,53","-0,02","0,00",2016-04-07,
ING Pakiet Umiarkowany (ING Konto Funduszowe SFIO),"95,16",PLN,"-0,23","-0,70","0,49","0,69","-6,06","0,00",2016-04-07,-
Insignis FIZ,"1 088,07",PLN,"0,00","0,00","-0,55","0,00","0,00","0,00",2016-04-08,-
InValue FIZ,"89,40",PLN,"0,00","0,00","-0,85","-9,32","0,00","0,00",2016-04-08,-
Investor Absolute Return FIZ,"11 686,00",PLN,"0,00","0,00","-0,35","0,00","0,00","0,00",2016-04-08,-
Investor Akcji (Investor FIO),"207,91",PLN,"-0,13","-1,44","0,25","2,56","-10,29","0,00",2016-04-07,
Investor Akcji Dużych Spółek Dywidendowych (Investor FIO),"327,57",PLN,"-0,66","-4,07","-1,28","0,69","-18,59","-6,15",2016-04-07,
Investor Akcji Rynków Wschodzących (Investor SFIO),"76,72",PLN,"-0,18","-2,69","0,39","6,32","0,00","0,00",2016-04-07,
Investor Akcji Spółek Wzrostowych (Investor SFIO),"88,54",PLN,"-0,38","-1,26","1,10","-0,25","-11,45","0,00",2016-04-07,
Investor Ameryka Łacińska (Investor SFIO),"124,89",PLN,"-0,40","-4,50","-2,50","10,69","-18,35","-29,86",2016-04-07,-
Investor BRIC (Investor SFIO),"60,13",PLN,"-0,15","-2,23","-0,81","2,87","-21,15","-5,32",2016-04-07,-
Investor CEE FIZ,"421,16",PLN,"0,00","0,00","2,46","0,00","0,00","0,00",2016-04-08,
Investor FIZ,"916,01",PLN,"0,00","0,00","0,91","0,00","0,00","0,00",2016-04-08,-
Investor Globalny Akcji (Investor SFIO),"86,41",PLN,"-0,39","-1,43","-0,56","-0,50","0,00","0,00",2016-04-07,
Investor Gold FIZ,"1 570,44",PLN,"0,00","0,00","-0,18","0,00","0,00","0,00",2016-04-08,-
Investor Gold Otwarty (Investor SFIO),"143,24",PLN,"0,22","-0,69","-4,98","8,96","-4,86","-22,13",2016-04-07,-
Investor Gotówkowy (Investor SFIO),"129,59",PLN,"-0,01","-0,05","0,05","0,04","0,48","4,86",2016-04-07,
Investor Indie i Chiny (Investor SFIO),"182,67",PLN,"-0,33","-2,46","-3,37","-6,52","-20,11","11,13",2016-04-07,-
Investor Niemcy (Investor SFIO),"174,60",PLN,"-0,67","-3,10","-2,48","0,00","0,00","0,00",2016-04-07,-
Investor Obligacji (Investor FIO),"311,70",PLN,"-0,10","-0,16","0,20","0,94","1,04","9,16",2016-04-07,-
Investor Obligacji Korporacyjnych (Investor SFIO),"99,65",PLN,"0,02","0,25","0,90","0,53","0,00","0,00",2016-04-07,
Investor Obligacji Rynków Wschodzących Plus (Investor SFIO),"97,98",PLN,"-0,13","-0,44","-0,48","0,56","0,00","0,00",2016-04-07,-
Investor Property FIZ AN,"799,04",PLN,"0,00","0,00","-8,46","0,00","0,00","0,00",2016-04-08,-
Investor Płynna Lokata (Investor FIO),"236,32",PLN,"0,03","0,10","0,43","0,48","1,25","7,29",2016-04-07,
Investor Rosja (Investor SFIO),"109,84",PLN,"2,32","-2,13","-1,16","8,29","-12,37","-23,13",2016-04-07,-
Investor Sektora Infrastruktury i Informatyki (Investor SFIO),"75,36",PLN,"0,00","-1,30","1,93","5,44","-6,76","0,00",2016-04-07,-
Investor Sektora Nieruchomości i Budownictwa (Investor SFIO),"75,45",PLN,"0,64","-0,34","0,07","-0,33","-1,66","21,75",2016-04-07,-
Investor Top 25 Małych Spółek (Investor FIO),"223,75",PLN,"0,39","-0,52","0,62","2,46","-8,94","20,37",2016-04-07,-
Investor Top 50 Małych i Średnich Spółek (Investor FIO),"46,43",PLN,"0,02","-1,55","1,13","5,71","-7,36","4,78",2016-04-07,
Investor Turcja (Investor SFIO),"176,28",PLN,"-0,60","-2,15","3,36","11,96","-10,36","-24,13",2016-04-07,-
Investor Zabezpieczenia Emerytalnego (Investor FIO),"27,96",PLN,"-0,11","-0,36","0,40","1,60","-3,25","19,69",2016-04-07,
Investor Zrównoważony (Investor FIO),"417,77",PLN,"-0,15","-0,56","0,56","1,77","-6,08","29,12",2016-04-07,
InWarren FIZ,"1 003,25",PLN,"0,00","0,00","0,08","0,26","0,00","0,00",2016-04-08,-
Ipopema Akcji (Ipopema SFIO),"121,13",PLN,"-0,24","-2,82","0,97","6,21","-10,85","-0,40",2016-04-07,
Ipopema Dłużny (Ipopema SFIO),"106,58",PLN,"0,14","-0,03","0,48","2,31","0,00","0,00",2016-04-07,-
Ipopema Global Bonds FIZ,"109,51",PLN,"0,00","0,00","0,36","1,51","0,00","0,00",2016-04-08,-
Ipopema Global Macro FIZ,"112,87",PLN,"0,00","0,00","1,31","-0,98","-1,40","6,43",2016-04-08,-
Ipopema Globalnych Megatrendów (Ipopema SFIO),"97,57",PLN,"-0,79","-2,04","0,49","0,26","0,00","0,00",2016-04-07,-
Ipopema Gotówkowy (Ipopema SFIO),"109,52",PLN,"0,00","-0,05","0,10","0,28","1,32","7,85",2016-04-07,
Ipopema m-INDEKS (Ipopema SFIO),"95,06",PLN,"0,69","-2,52","-0,61","1,43","-4,84","0,00",2016-04-07,
Ipopema m-INDEKS B (Ipopema SFIO),"94,55",PLN,"0,69","-2,52","-0,64","1,32","-5,30","0,00",2016-04-07,-
Ipopema m-INDEKS FIO kategoria A,"137,79",PLN,"0,87","-2,61","-0,65","0,86","-6,17","34,00",2016-04-07,
Ipopema Makro Alokacji (Ipopema SFIO),"120,56",PLN,"0,10","-0,08","0,42","0,77","-3,06","4,80",2016-04-07,-
Ipopema Małych i Średnich Spółek (Ipopema SFIO),"142,80",PLN,"-0,03","-1,91","0,98","2,41","-4,00","28,99",2016-04-07,
Ipopema MegaTrends FIZ,"97,17",PLN,"0,00","0,00","6,78","-4,16","0,00","0,00",2016-04-08,
Ipopema Obligacji (Ipopema SFIO),"125,47",PLN,"-0,05","-0,08","0,30","1,49","3,01","12,69",2016-04-07,
Ipopema Opportunity FIZ,"9 291,17",PLN,"0,00","0,00","2,20","2,10","0,00","0,00",2016-04-08,-
Ipopema Short Equity (Ipopema SFIO),"115,55",PLN,"1,37","4,67","-1,38","-8,03","19,27","4,07",2016-04-07,-
JPMorgan - Emerging Markets Opportunities Fund Polska (Skarbiec - JPM AM Funds Polska SFIO),"95,35",PLN,"0,78","-2,17","-3,26","0,44","-21,64","0,00",2016-04-07,
JPMorgan - Global High Yield Bond Fund Polska (Skarbiec - JPM AM Funds Polska SFIO),"102,07",PLN,"0,25","0,43","1,48","2,72","-4,13","0,00",2016-04-07,-
JPMorgan - Global Strategic Bond Fund Polska (Skarbiec - JPM AM Funds Polska SFIO),"103,76",PLN,"0,01","-0,23","1,15","0,88","-1,01","0,00",2016-04-07,-
JPMorgan - Highbridge US STEEP Fund Polska (Skarbiec - JPM AM Funds Polska SFIO),"106,18",PLN,"1,13","0,08","3,78","6,07","-10,45","0,00",2016-04-07,
KBC Akcji Małych i Średnich Spółek (KBC FIO),"77,20",PLN,"0,55","-1,43","0,90","-0,99","-9,28","27,98",2016-04-07,
KBC Akcyjny (KBC FIO),"79,07",PLN,"0,16","-2,49","1,01","2,26","-15,22","4,12",2016-04-07,
KBC Aktywny (KBC FIO),"193,47",PLN,"0,04","-1,50","0,37","0,88","-9,85","3,17",2016-04-07,
KBC Alfa SFIO,"2,76",PLN,"0,00","0,00","0,36","0,73","2,22","12,20",2016-04-08,
KBC Alokacji Sektorowych FIZ,"94,92",PLN,"0,00","0,00","-2,20","0,00","0,00","0,00",2016-04-08,-
KBC Beta Dywidendowy SFIO,"163,53",PLN,"-0,59","-3,75","-1,03","0,50","0,00","0,00",2016-04-07,-
KBC Delta (KBC Biznes SFIO),"132,37",PLN,"-0,23","-0,17","-0,02","0,64","-1,69","11,93",2016-04-07,
KBC Gamma (KBC Biznes SFIO),"238,03",PLN,"0,02","0,05","0,30","0,17","1,09","9,70",2016-04-07,
KBC Globalny Akcyjny (KBC FIO),"121,42",PLN,"0,32","-1,98","-3,19","-4,86","-11,93","10,21",2016-04-07,
KBC Globalny Ochrony 90 Listopad (KBC FIO),"93,46",PLN,"0,20","-0,52","-0,37","-4,19","0,00","0,00",2016-04-07,-
KBC Obligacji Korporacyjnych (KBC FIO),"130,20",PLN,"0,03","0,10","0,36","0,49","1,34","0,00",2016-04-07,
KBC Papierów Dłużnych (KBC FIO),"226,87",PLN,"-0,11","-0,67","-0,47","-0,38","-0,13","10,16",2016-04-07,
KBC Pieniężny (KBC FIO),"179,78",PLN,"0,01","0,04","0,30","0,11","1,11","8,30",2016-04-07,
KBC Portfel Akcji Średnich Spółek (KBC Portfel VIP SFIO),"80,89",PLN,"0,67","-1,88","1,37","-0,19","-9,78","29,84",2016-04-07,
KBC Portfel Akcyjny (KBC Portfel VIP SFIO),"72,06",PLN,"-0,39","-2,86","2,15","3,73","-20,25","-4,34",2016-04-07,
KBC Portfel Obligacyjny (KBC Portfel VIP SFIO),"169,20",PLN,"-0,15","0,04","0,29","0,43","-1,04","14,20",2016-04-07,
KBC Portfel Pieniężny (KBC Portfel VIP SFIO),"158,50",PLN,"0,02","0,06","0,33","0,30","1,66","11,53",2016-04-07,
KBC Stabilny (KBC FIO),"235,24",PLN,"-0,06","-0,95","0,40","0,35","-6,08","7,62",2016-04-07,
KBC Zmiennej Alokacji (KBC FIO),"104,99",PLN,"-0,07","-1,45","0,23","-2,09","-12,35","-4,63",2016-04-07,
Legg Mason Akcji (Legg Mason Parasol FIO),"331,58",PLN,"0,91","-1,21","1,52","7,73","-14,89","-2,53",2016-04-08,
Legg Mason Akcji 500+ FIZ,"1 049,49",PLN,"0,00","0,00","5,58","0,00","0,00","0,00",2016-04-08,-
Legg Mason Akcji Azjatyckich (Legg Mason Parasol Zagraniczny SFIO),"101,05",PLN,"0,66","-0,96","3,21","9,09","0,00","0,00",2016-04-08,-
Legg Mason Akcji Skoncentrowany FIZ,"1 197,88",PLN,"0,00","0,00","4,15","0,00","0,00","0,00",2016-04-08,
Legg Mason Amerykańskich Spółek Wzrostowych (Legg Mason Parasol Zagraniczny SFIO),"92,94",PLN,"0,50","-1,10","1,60","2,76","0,00","0,00",2016-04-08,-
Legg Mason CEE Select (Legg Mason Parasol FIO),"100,26",PLN,"1,29","1,96","2,84","5,44","-0,46","0,00",2016-04-08,
Legg Mason Globalnych Papierów Dłużnych (Legg Mason Parasol Zagraniczny SFIO),"99,77",PLN,"0,16","-0,08","1,81","3,06","0,00","0,00",2016-04-08,-
Legg Mason Małych Spółek Amerykańskich (Legg Mason Parasol Zagraniczny SFIO),"96,71",PLN,"0,52","-3,00","1,18","9,62","0,00","0,00",2016-04-08,-
Legg Mason Obligacji (Legg Mason Parasol FIO),"280,49",PLN,"0,00","-0,43","-0,14","0,73","-1,10","5,95",2016-04-08,-
Legg Mason Okazji Rynkowych (Legg Mason Parasol Zagraniczny SFIO),"85,68",PLN,"0,26","-1,17","-0,72","2,04","0,00","0,00",2016-04-08,-
Legg Mason Pieniężny (Legg Mason Parasol FIO),"263,29",PLN,"-0,00","-0,01","0,06","0,29","1,20","6,29",2016-04-08,-
Legg Mason Senior FIO,"281,70",PLN,"0,23","-0,37","0,40","2,41","-4,74","1,12",2016-04-08,-
Legg Mason Stabilny (Legg Mason Parasol FIO),"98,35",PLN,"0,32","-0,46","0,34","2,23","-4,91","0,00",2016-04-08,
Legg Mason Strateg (Legg Mason Parasol FIO),"224,93",PLN,"0,62","-1,72","1,22","5,32","-10,56","-2,54",2016-04-08,
Macro FIZ,"106,89",PLN,"0,00","0,00","2,31","0,00","0,00","0,00",2016-04-08,-
Macromoney FIZ AN,"198,54",PLN,"0,00","0,00","0,61","3,27","10,19","0,00",2016-04-08,-
MCI.EuroVentures 1.0. seria A-D (MCI.PrivateVentures FIZ),"48 411,30",PLN,"0,00","0,00","6,47","0,00","0,00","0,00",2016-04-08,-
MCI.EuroVentures 1.0. seria A1 (MCI.PrivateVentures FIZ),"49 705,90",PLN,"0,00","0,00","4,84","0,00","0,00","0,00",2016-04-08,-
MCI.EuroVentures 1.0. seria B1 (MCI.PrivateVentures FIZ),"48 457,60",PLN,"0,00","0,00","0,00","0,00","0,00","0,00",2016-04-08,-
MCI.EuroVentures 1.0. seria J (MCI.PrivateVentures FIZ),"48 295,50",PLN,"0,00","0,00","6,31","0,00","0,00","0,00",2016-04-08,-
MCI.EuroVentures 1.0. seria K (MCI.PrivateVentures FIZ),"48 057,40",PLN,"0,00","0,00","6,22","0,00","0,00","0,00",2016-04-08,-
MCI.EuroVentures 1.0. seria L (MCI.PrivateVentures FIZ),"47 202,30",PLN,"0,00","0,00","6,22","0,00","0,00","0,00",2016-04-08,-
MCI.EuroVentures 1.0. seria M (MCI.PrivateVentures FIZ),"48 307,00",PLN,"0,00","0,00","6,22","0,00","0,00","0,00",2016-04-08,-
MCI.EuroVentures 1.0. seria N (MCI.PrivateVentures FIZ),"47 941,30",PLN,"0,00","0,00","6,22","0,00","0,00","0,00",2016-04-08,-
MCI.EuroVentures 1.0. seria O (MCI.PrivateVentures FIZ),"47 910,20",PLN,"0,00","0,00","6,11","0,00","0,00","0,00",2016-04-08,-
MCI.EuroVentures 1.0. seria P (MCI.PrivateVentures FIZ),"48 730,00",PLN,"0,00","0,00","6,22","0,00","0,00","0,00",2016-04-08,-
MCI.EuroVentures 1.0. seria R (MCI.PrivateVentures FIZ),"49 889,70",PLN,"0,00","0,00","6,11","0,00","0,00","0,00",2016-04-08,-
MCI.EuroVentures 1.0. seria S (MCI.PrivateVentures FIZ),"49 967,20",PLN,"0,00","0,00","6,11","0,00","0,00","0,00",2016-04-08,-
MCI.EuroVentures 1.0. seria T (MCI.PrivateVentures FIZ),"47 991,50",PLN,"0,00","0,00","6,11","0,00","0,00","0,00",2016-04-08,-
MCI.EuroVentures 1.0. seria U (MCI.PrivateVentures FIZ),"49 294,70",PLN,"0,00","0,00","4,46","6,30","0,00","0,00",2016-04-08,-
MCI.EuroVentures 1.0. seria W (MCI.PrivateVentures FIZ),"48 813,10",PLN,"0,00","0,00","4,86","6,71","0,00","0,00",2016-04-08,-
MCI.EuroVentures 1.0. seria Y (MCI.PrivateVentures FIZ),"49 633,80",PLN,"0,00","0,00","5,29","7,15","0,00","0,00",2016-04-08,-
MCI.EuroVentures 1.0. seria Z (MCI.PrivateVentures FIZ),"48 953,70",PLN,"0,00","0,00","5,01","0,00","0,00","0,00",2016-04-08,-
MCI.TechVentures 1.0. seria A-D (MCI.PrivateVentures FIZ),"210,15",PLN,"0,00","0,00","-1,09","0,00","0,00","0,00",2016-04-08,-
MCI.TechVentures 1.0. seria A1 (MCI.PrivateVentures FIZ),"172,98",PLN,"0,00","0,00","-0,38","0,00","0,00","0,00",2016-04-08,-
MCI.TechVentures 1.0. seria B1 (MCI.PrivateVentures FIZ),"227,17",PLN,"0,00","0,00","-1,37","0,00","0,00","0,00",2016-04-08,-
MCI.TechVentures 1.0. seria C1 (MCI.PrivateVentures FIZ),"229,43",PLN,"0,00","0,00","-1,37","0,00","0,00","0,00",2016-04-08,-
MCI.TechVentures 1.0. seria D1 (MCI.PrivateVentures FIZ),"230,51",PLN,"0,00","0,00","-1,37","0,00","0,00","0,00",2016-04-08,-
MCI.TechVentures 1.0. seria E (MCI.PrivateVentures FIZ),"209,62",PLN,"0,00","0,00","-1,33","0,00","0,00","0,00",2016-04-08,-
MCI.TechVentures 1.0. seria E1 (MCI.PrivateVentures FIZ),"233,52",PLN,"0,00","0,00","-1,37","0,00","0,00","0,00",2016-04-08,-
MCI.TechVentures 1.0. seria F1 (MCI.PrivateVentures FIZ),"234,62",PLN,"0,00","0,00","-1,37","0,00","0,00","0,00",2016-04-08,-
MCI.TechVentures 1.0. seria G1 (MCI.PrivateVentures FIZ),"233,13",PLN,"0,00","0,00","-1,37","0,00","0,00","0,00",2016-04-08,-
MCI.TechVentures 1.0. seria H (MCI.PrivateVentures FIZ),"196,71",PLN,"0,00","0,00","-1,37","0,00","0,00","0,00",2016-04-08,-
MCI.TechVentures 1.0. seria H1 (MCI.PrivateVentures FIZ),"235,78",PLN,"0,00","0,00","-1,37","0,00","0,00","0,00",2016-04-08,-
MCI.TechVentures 1.0. seria I (MCI.PrivateVentures FIZ),"196,71",PLN,"0,00","0,00","-1,37","0,00","0,00","0,00",2016-04-08,-
MCI.TechVentures 1.0. seria I1 (MCI.PrivateVentures FIZ),"237,38",PLN,"0,00","0,00","-1,37","0,00","0,00","0,00",2016-04-08,-
MCI.TechVentures 1.0. seria J (MCI.PrivateVentures FIZ),"212,79",PLN,"0,00","0,00","-1,35","0,00","0,00","0,00",2016-04-08,-
MCI.TechVentures 1.0. seria J1 (MCI.PrivateVentures FIZ),"237,52",PLN,"0,00","0,00","-1,37","0,00","0,00","0,00",2016-04-08,-
MCI.TechVentures 1.0. seria K (MCI.PrivateVentures FIZ),"177,67",PLN,"0,00","0,00","-1,37","0,00","0,00","0,00",2016-04-08,-
MCI.TechVentures 1.0. seria K1 (MCI.PrivateVentures FIZ),"239,31",PLN,"0,00","0,00","-1,37","0,00","0,00","0,00",2016-04-08,-
MCI.TechVentures 1.0. seria L (MCI.PrivateVentures FIZ),"200,20",PLN,"0,00","0,00","-1,37","0,00","0,00","0,00",2016-04-08,-
MCI.TechVentures 1.0. seria L1 (MCI.PrivateVentures FIZ),"238,99",PLN,"0,00","0,00","-1,37","0,00","0,00","0,00",2016-04-08,-
MCI.TechVentures 1.0. seria M (MCI.PrivateVentures FIZ),"201,88",PLN,"0,00","0,00","-1,35","0,00","0,00","0,00",2016-04-08,-
MCI.TechVentures 1.0. seria M1 (MCI.PrivateVentures FIZ),"238,62",PLN,"0,00","0,00","-1,37","0,00","0,00","0,00",2016-04-08,-
MCI.TechVentures 1.0. seria N (MCI.PrivateVentures FIZ),"220,16",PLN,"0,00","0,00","-1,37","0,00","0,00","0,00",2016-04-08,-
MCI.TechVentures 1.0. seria N1 (MCI.PrivateVentures FIZ),"238,99",PLN,"0,00","0,00","-1,37","0,00","0,00","0,00",2016-04-08,-
MCI.TechVentures 1.0. seria O (MCI.PrivateVentures FIZ),"221,04",PLN,"0,00","0,00","-1,35","0,00","0,00","0,00",2016-04-08,-
MCI.TechVentures 1.0. seria O1 (MCI.PrivateVentures FIZ),"239,00",PLN,"0,00","0,00","-1,37","0,00","0,00","0,00",2016-04-08,-
MCI.TechVentures 1.0. seria P (MCI.PrivateVentures FIZ),"232,36",PLN,"0,00","0,00","-1,33","0,00","0,00","0,00",2016-04-08,-
MCI.TechVentures 1.0. seria P1 (MCI.PrivateVentures FIZ),"238,13",PLN,"0,00","0,00","-1,37","-0,31","0,00","0,00",2016-04-08,-
MCI.TechVentures 1.0. seria R (MCI.PrivateVentures FIZ),"229,76",PLN,"0,00","0,00","-1,35","0,00","0,00","0,00",2016-04-08,-
MCI.TechVentures 1.0. seria R1 (MCI.PrivateVentures FIZ),"235,81",PLN,"0,00","0,00","-1,37","0,00","0,00","0,00",2016-04-08,-
MCI.TechVentures 1.0. seria S (MCI.PrivateVentures FIZ),"229,98",PLN,"0,00","0,00","-1,35","0,00","0,00","0,00",2016-04-08,-
MCI.TechVentures 1.0. seria S1 (MCI.PrivateVentures FIZ),"240,98",PLN,"0,00","0,00","-1,37","0,00","0,00","0,00",2016-04-08,-
MCI.TechVentures 1.0. seria T (MCI.PrivateVentures FIZ),"224,83",PLN,"0,00","0,00","-1,37","0,00","0,00","0,00",2016-04-08,-
MCI.TechVentures 1.0. seria T1 (MCI.PrivateVentures FIZ),"242,72",PLN,"0,00","0,00","0,00","0,00","0,00","0,00",2016-04-08,-
MCI.TechVentures 1.0. seria U (MCI.PrivateVentures FIZ),"226,53",PLN,"0,00","0,00","-1,37","0,00","0,00","0,00",2016-04-08,-
MCI.TechVentures 1.0. seria W (MCI.PrivateVentures FIZ),"224,10",PLN,"0,00","0,00","-1,37","0,00","0,00","0,00",2016-04-08,-
MCI.TechVentures 1.0. seria Y (MCI.PrivateVentures FIZ),"221,87",PLN,"0,00","0,00","-1,37","0,00","0,00","0,00",2016-04-08,-
MCI.TechVentures 1.0. seria Z (MCI.PrivateVentures FIZ),"228,44",PLN,"0,00","0,00","-1,37","0,00","0,00","0,00",2016-04-08,-
Medyczny Publiczny FIZ,"97,38",PLN,"0,00","0,00","-0,94","-2,22","0,00","0,00",2016-04-08,-
MetLife Akcji (Krajowy FIO),"13,93",PLN,"-0,14","-3,53","0,87","6,91","-17,18","-7,93",2016-04-07,
MetLife Akcji Amerykańskich (Światowy SFIO),"11,22",PLN,"-0,97","-0,88","0,99","0,99","-3,03","51,62",2016-04-07,-
MetLife Akcji Amerykańskich (USD) (Światowy SFIO),"3,00",USD,"-0,72","-0,42","6,66","8,20","-2,97","31,13",2016-04-07,-
MetLife Akcji Chińskich i Azjatyckich (Światowy SFIO),"10,54",PLN,"0,00","-1,31","1,64","2,83","-7,54","34,44",2016-04-07,-
MetLife Akcji Chińskich i Azjatyckich (USD) (Światowy SFIO),"2,82",USD,"0,26","-0,85","7,35","10,17","-7,49","16,27",2016-04-07,-
MetLife Akcji Małych Spółek (Światowy SFIO),"7,55",PLN,"0,27","-1,05","5,15","5,74","-1,18","18,15",2016-04-07,
MetLife Akcji Nowa Europa (Światowy SFIO),"7,57",PLN,"-0,26","-2,95","0,13","8,76","-13,88","-13,98",2016-04-07,
MetLife Akcji Polskich (Światowy SFIO),"5,46",PLN,"0,00","-3,19","0,74","6,43","-14,55","-3,87",2016-04-07,
MetLife Akcji Rynków Rozwiniętych (Światowy SFIO),"6,85",PLN,"-0,58","-1,30","-1,30","3,95","-3,79","23,42",2016-04-07,
MetLife Akcji Rynków Rozwiniętych (USD) (Światowy SFIO),"1,83",USD,"-0,32","-0,83","4,25","11,37","-3,74","6,75",2016-04-07,-
MetLife Akcji Rynków Wschodzących (Światowy SFIO),"7,60",PLN,"-0,13","-2,44","0,26","6,15","-10,59","1,20",2016-04-07,-
MetLife Akcji Rynków Wschodzących (USD) (Światowy SFIO),"2,03",USD,"0,12","-1,98","5,89","13,72","-10,54","-12,48",2016-04-07,-
MetLife Akcji Średnich Spółek (Krajowy FIO),"7,80",PLN,"0,52","-2,01","2,09","2,23","-10,45","18,54",2016-04-07,
MetLife Aktywnej Alokacji (Krajowy FIO),"7,25",PLN,"0,00","-1,89","0,14","4,17","-7,99","-1,09",2016-04-07,
MetLife FIZ ONE,"848,53",PLN,"0,00","0,00","-0,01","0,00","0,00","0,00",2016-04-08,
MetLife Lokacyjny (Światowy SFIO),"14,30",PLN,"-0,07","-0,07","0,21","0,14","1,49","7,20",2016-04-07,
MetLife Obligacji Plus (Światowy SFIO),"16,02",PLN,"-0,12","-0,19","0,25","0,69","0,25","10,48",2016-04-07,
MetLife Obligacji Skarbowych (Krajowy FIO),"20,64",PLN,"-0,10","-0,19","0,19","0,58","0,29","9,96",2016-04-07,
MetLife Obligacji Światowych (Światowy SFIO),"12,30",PLN,"-0,24","-0,40","0,65","3,62","5,49","17,82",2016-04-07,-
MetLife Obligacji Światowych (USD) (Światowy SFIO),"3,29",USD,"0,01","0,06","6,31","11,02","5,55","1,89",2016-04-07,-
MetLife Ochrony Wzrostu (Światowy SFIO),"8,36",PLN,"-0,12","-0,83","-0,12","0,12","-9,13","-12,64",2016-04-07,-
MetLife Pieniężny (Krajowy FIO),"16,20",PLN,"-0,06","0,00","0,25","0,12","1,44","8,07",2016-04-07,
MetLife Stabilnego Wzrostu (Krajowy FIO),"15,64",PLN,"-0,19","-1,39","0,58","3,03","-5,67","1,62",2016-04-07,
MetLife Zrównoważony Azjatycki (Światowy SFIO),"14,43",PLN,"-0,28","-2,10","0,07","2,05","-4,31","16,00",2016-04-07,-
MetLife Zrównoważony Azjatycki (USD) (Światowy SFIO),"3,86",USD,"-0,02","-1,64","5,69","9,34","-4,26","0,32",2016-04-07,-
MetLife Zrównoważony Nowa Europa (Krajowy FIO),"10,52",PLN,"-0,19","-1,68","-0,47","5,62","-7,48","-5,40",2016-04-07,-
Metrum FIZ,"933,93",PLN,"0,00","0,00","-2,33","1,33","0,00","0,00",2016-04-08,-
Mezzanine FIZ AN,"1 092,40",PLN,"0,00","0,00","0,58","0,00","0,00","0,00",2016-04-08,-
Millennium Absolute Return (EUR) (Millennium SFIO),"27,18",EUR,"-0,29","-0,48","2,22","1,04","-6,53","8,59",2016-04-07,-
Millennium Absolute Return (Millennium SFIO),"115,78",PLN,"-0,24","-0,69","0,56","-1,00","-1,96","10,60",2016-04-07,-
Millennium Absolute Return (USD) (Millennium SFIO),"30,95",USD,"0,03","-0,19","6,21","6,07","-1,90","-4,33",2016-04-07,-
Millennium Akcji (Millennium FIO),"187,14",PLN,"-0,26","-3,41","0,05","2,60","-15,04","-1,66",2016-04-07,
Millennium Cyklu Koniunkturalnego (Millennium FIO),"145,06",PLN,"-0,26","-2,20","-0,41","-0,32","-15,68","0,00",2016-04-07,
Millennium Depozytowy (Millennium FIO),"176,14",PLN,"-0,01","0,00","0,15","0,35","1,04","5,06",2016-04-07,
Millennium Dynamicznych Spółek (Millennium FIO),"86,78",PLN,"0,51","-1,57","1,95","2,46","-1,92","29,97",2016-04-07,
Millennium Globalny Akcji (EUR) (Millennium SFIO),"30,96",EUR,"0,32","-1,40","0,88","-2,33","-15,50","0,00",2016-04-07,-
Millennium Globalny Akcji (Millennium SFIO),"131,88",PLN,"0,37","-1,59","-0,73","-4,32","-11,37","0,00",2016-04-07,
Millennium Globalny Akcji (USD) (Millennium SFIO),"35,25",USD,"0,63","-1,12","4,85","2,53","-11,32","0,00",2016-04-07,-
Millennium Globalny Stabilnego Wzrostu (EUR) (Millennium SFIO),"41,87",EUR,"0,07","-0,50","2,27","1,26","-10,21","0,00",2016-04-07,-
Millennium Globalny Stabilnego Wzrostu (Millennium SFIO),"178,36",PLN,"0,11","-0,71","0,64","-0,78","-5,83","0,00",2016-04-07,-
Millennium Globalny Stabilnego Wzrostu (USD) (Millennium SFIO),"47,67",USD,"0,36","-0,25","6,29","6,29","-5,77","0,00",2016-04-07,-
Millennium Globalny Strategii Alternatywnych (EUR) (Millennium SFIO),"24,30",EUR,"-0,04","-0,53","1,76","0,16","-14,13","0,00",2016-04-07,-
Millennium Globalny Strategii Alternatywnych (Millennium SFIO),"103,52",PLN,"0,02","-0,74","0,13","-1,83","-9,94","0,00",2016-04-07,-
Millennium Globalny Strategii Alternatywnych (USD) (Millennium SFIO),"27,67",USD,"0,29","-0,25","5,77","5,17","-9,90","0,00",2016-04-07,-
Millennium Instrumentów Dłużnych (Millennium FIO),"101,83",PLN,"-0,28","-0,43","0,14","-0,34","-0,55","0,00",2016-04-07,-
Millennium Obligacji Korporacyjnych (EUR) (Millennium SFIO),"30,82",EUR,"-0,06","0,26","2,60","2,53","-4,40","6,98",2016-04-07,-
Millennium Obligacji Korporacyjnych (Millennium SFIO),"131,28",PLN,"-0,02","0,05","0,93","0,47","0,27","8,96",2016-04-07,
Millennium Obligacji Korporacyjnych (USD) (Millennium SFIO),"35,09",USD,"0,26","0,52","6,59","7,64","0,31","-5,75",2016-04-07,-
Millennium Stabilnego Wzrostu (Millennium FIO),"136,69",PLN,"-0,12","-1,31","0,11","1,20","-6,66","0,16",2016-04-07,
MM Prime Akcji FIZ,"1 012,57",PLN,"0,00","1,10","2,66","0,00","0,00","0,00",2016-04-07,-
MM Prime Depozytowy FIZ,"1 070,93",PLN,"0,00","0,23","0,49","0,00","0,00","0,00",2016-04-07,
NN (L) Ameryki Łacińskiej (NN SFIO),"52,06",PLN,"-0,57","-5,28","-0,23","15,89","-21,37","-41,43",2016-04-07,-
NN (L) Depozytowy (NN SFIO),"113,50",PLN,"-0,02","-0,07","0,01","0,16","0,73","5,22",2016-04-07,
NN (L) Dynamiczny Globalnej Alokacji (NN SFIO),"148,04",PLN,"-0,46","-0,55","0,72","0,00","0,00","0,00",2016-04-07,-
NN (L) Europejski Spółek Dywidendowych (NN SFIO),"138,89",PLN,"-0,58","-2,82","-4,04","-6,01","-20,80","14,84",2016-04-07,-
NN (L) Globalny Długu Korporacyjnego (NN SFIO),"151,63",PLN,"-0,12","-0,06","2,00","3,40","-5,39","2,93",2016-04-07,-
NN (L) Globalny Spółek Dywidendowych (NN SFIO),"182,95",PLN,"-0,92","-2,05","-4,48","-2,87","-13,89","24,86",2016-04-07,
NN (L) Japonia (NN SFIO),"150,95",PLN,"-0,28","-6,26","-6,27","-15,25","-21,33","13,89",2016-04-07,-
NN (L) Nowej Azji (NN SFIO),"104,76",PLN,"-0,26","-1,43","2,91","6,13","-12,32","-4,49",2016-04-07,
NN (L) Obligacji Rynków Wschodzących (Waluta Lokalna) (NN SFIO),"86,42",PLN,"-0,28","-2,35","2,97","9,35","-8,03","-24,22",2016-04-07,-
NN (L) Obligacyjny Globalnej Alokacji (NN SFIO),"106,69",PLN,"-0,28","-0,65","-0,27","0,00","0,00","0,00",2016-04-07,-
NN (L) Senior Loans FIZ,"1 046,09",PLN,"0,56","0,70","2,01","0,00","0,00","0,00",2016-04-07,
NN (L) Spółek Dywidendowych Rynków Wschodzących (NN SFIO),"87,97",PLN,"-0,59","-3,47","-1,81","3,73","-22,60","-6,67",2016-04-07,
NN (L) Spółek Dywidendowych USA (NN SFIO),"162,16",PLN,"-1,30","-1,52","0,90","6,22","-4,58","12,73",2016-04-07,-
NN (L) Stabilny Globalnej Alokacji (NN SFIO),"112,70",PLN,"-0,19","-0,29","0,26","0,95","-3,89","0,00",2016-04-07,-
NN (L) Stabilny Globalnej Alokacji EUR (EUR) (NN SFIO),"101,39",EUR,"-0,22","-0,33","0,09","0,60","-5,15","0,00",2016-04-07,-
NN Akcji (NN FIO),"271,05",PLN,"-0,11","-3,19","0,78","5,75","-10,52","7,53",2016-04-07,
NN Akcji Środkowoeuropejskich (NN FIO),"153,88",PLN,"-0,47","-2,66","1,28","5,29","-9,78","3,26",2016-04-07,
NN Gotówkowy (NN FIO),"259,89",PLN,"-0,01","-0,06","0,03","0,18","0,84","5,64",2016-04-07,-
NN Lokacyjny Plus (NN FIO),"121,54",PLN,"-0,07","0,03","0,43","0,70","0,72","0,00",2016-04-07,
NN Obligacji (NN FIO),"287,85",PLN,"-0,14","-0,33","0,31","1,74","0,72","9,12",2016-04-07,-
NN Perspektywa 2020 (NN Perspektywa SFIO),"118,15",PLN,"-0,19","-0,86","-0,01","0,64","-2,47","7,96",2016-04-07,-
NN Perspektywa 2025 (NN Perspektywa SFIO),"117,74",PLN,"-0,27","-1,34","-0,22","0,50","-4,29","7,81",2016-04-07,-
NN Perspektywa 2030 (NN Perspektywa SFIO),"115,91",PLN,"-0,29","-1,56","-0,35","0,32","-5,51","7,13",2016-04-07,-
NN Perspektywa 2035 (NN Perspektywa SFIO),"114,92",PLN,"-0,32","-1,73","-0,43","0,24","-6,49","7,01",2016-04-07,-
NN Perspektywa 2040 (NN Perspektywa SFIO),"113,31",PLN,"-0,34","-1,93","-0,58","0,03","-7,51","6,20",2016-04-07,-
NN Perspektywa 2045 (NN Perspektywa SFIO),"112,07",PLN,"-0,36","-2,09","-0,66","-0,05","-8,12","6,33",2016-04-07,-
NN Selektywny (NN FIO),"70,50",PLN,"-0,10","-3,17","0,77","5,60","-11,01","15,08",2016-04-07,
NN SFIO Akcji 2,"326,95",PLN,"-0,04","-3,25","0,67","4,99","-11,49","9,71",2016-04-07,
NN SFIO Obligacji 2,"270,12",PLN,"-0,26","-0,35","0,12","1,59","0,00","0,00",2016-04-07,-
NN Średnich i Małych Spółek (NN FIO),"175,18",PLN,"0,77","-1,62","1,81","2,23","-2,47","38,15",2016-04-07,-
NN Stabilnego Wzrostu (NN FIO),"249,57",PLN,"-0,10","-1,23","0,29","2,33","-4,08","4,36",2016-04-07,
NN Zrównoważony (NN FIO),"289,93",PLN,"-0,13","-1,88","0,57","3,91","-5,42","7,88",2016-04-07,
Noble Fund Africa and Frontier (Noble Funds SFIO),"43,53",PLN,"-0,30","-1,16","-3,12","2,76","-22,74","-37,66",2016-04-07,-
Noble Fund Akcji (Noble Funds FIO),"114,24",PLN,"0,18","-2,03","1,19","2,27","-12,26","-3,90",2016-04-07,
Noble Fund Akcji Małych i Średnich Spółek (Noble Funds FIO),"87,57",PLN,"0,55","-1,71","0,10","-1,22","-1,29","22,87",2016-04-07,
Noble Fund Dywidendowy FIZ,"82,51",PLN,"0,00","0,00","3,60","0,00","0,00","0,00",2016-04-08,
Noble Fund Global Return (Noble Funds FIO),"113,49",PLN,"-0,04","-0,08","-0,91","-2,17","-8,84","-2,12",2016-04-07,-
Noble Fund Long Short FIZ,"944,89",PLN,"0,00","0,00","-6,50","0,00","0,00","0,00",2016-04-08,-
Noble Fund Mieszany (Noble Funds FIO),"140,97",PLN,"-0,07","-1,30","0,21","-0,58","-4,17","9,09",2016-04-07,-
Noble Fund Obligacji (Noble Funds FIO),"107,32",PLN,"-0,11","-0,19","-0,10","0,62","0,39","0,00",2016-04-07,
Noble Fund Opportunity FIZ,"1 223,61",PLN,"0,00","0,00","3,59","0,00","0,00","0,00",2016-04-08,-
Noble Fund Pieniężny (Noble Funds FIO),"136,14",PLN,"-0,01","-0,03","0,01","-0,10","0,35","0,00",2016-04-07,
Noble Fund Stabilnego Wzrostu Plus (Noble Funds FIO),"141,63",PLN,"0,07","-0,58","-0,32","1,29","-0,71","18,65",2016-04-07,
Noble Fund Timingowy (Noble Funds FIO),"142,21",PLN,"0,03","0,06","1,51","2,92","0,35","7,34",2016-04-07,
Novo Akcji (Novo FIO),"155,16",PLN,"0,28","-2,59","2,93","10,62","-29,83","-21,88",2016-04-08,
Novo Akcji Globalnych (Novo FIO),"97,99",PLN,"-0,53","-1,77","-0,47","-1,04","-11,92","0,00",2016-04-08,
Novo Aktywnej Alokacji (Novo FIO),"83,69",PLN,"-0,21","-1,52","1,90","13,45","-12,56","-15,83",2016-04-08,
Novo Gotówkowy (Novo FIO),"139,10",PLN,"0,00","-0,06","-0,04","0,43","1,14","7,51",2016-04-08,-
Novo Obligacji Przedsiębiorstw (Novo FIO),"228,16",PLN,"0,01","-0,04","-0,03","0,89","0,95","0,00",2016-04-08,
Novo Papierów Dłużnych (Novo FIO),"202,90",PLN,"-0,05","-0,28","-0,34","0,57","-0,57","8,39",2016-04-08,
Novo Rentier FIZ,"926,79",PLN,"0,00","0,27","1,44","0,00","0,00","0,00",2016-04-07,-
Novo Stabilnego Wzrostu (Novo FIO),"185,31",PLN,"0,18","-0,58","1,74","5,66","-11,18","-6,88",2016-04-08,
Novo Zrównoważonego Wzrostu (Novo FIO),"155,95",PLN,"0,29","-1,39","2,54","8,57","-20,65","-16,37",2016-04-08,
Obligacyjny FIZ,"1 042,34",PLN,"0,00","0,00","0,00","-1,83","0,00","0,00",2016-03-30,-
Open Finance Absolute Return FIZ,"1 072,60",PLN,"0,00","0,00","5,76","0,00","0,00","0,00",2016-04-08,-
Open Finance Akcji (Open Finance FIO),"97,25",PLN,"0,16","-2,39","-0,06","2,42","-15,98","-5,77",2016-04-07,
Open Finance Akcji Małych i Średnich Spółek (Open Finance FIO),"128,54",PLN,"0,90","-1,43","0,37","0,97","-2,67","21,17",2016-04-07,
Open Finance Aktywnej Alokacji (Open Finance FIO),"95,12",PLN,"0,27","0,06","0,32","2,50","-5,88","-11,32",2016-04-07,
Open Finance Obligacji (Open Finance FIO),"108,60",PLN,"-0,12","-0,27","-0,01","-0,04","-2,41","5,28",2016-04-07,
Open Finance Obligacji Przedsiębiorstw FIZ AN seria C,"1 078,74",PLN,"0,00","0,00","1,02","1,14","4,51","0,00",2016-04-08,
Open Finance Pieniężny (Open Finance FIO),"112,92",PLN,"0,02","-0,11","0,16","0,43","1,32","0,00",2016-04-07,
Open Finance Stabilnego Wzrostu (Open Finance FIO),"107,53",PLN,"-0,10","-0,76","-0,11","1,18","-6,13","0,77",2016-04-07,
Open Finance Surowcowy FIZ,"103,45",PLN,"0,00","0,00","0,36","0,00","0,00","0,00",2016-04-08,-
Opera Alfa-plus.pl (Opera SFIO),"14,26",PLN,"0,00","-1,79","3,26","9,36","-6,00","3,71",2016-04-08,-
Opera Avista-plus.pl (Opera SFIO),"16,01",PLN,"0,00","-0,06","-0,19","1,14","2,37","10,34",2016-04-08,-
Opera Avista.pl (Opera FIO),"18,44",PLN,"0,05","0,00","-0,22","1,04","1,54","10,95",2016-04-08,
Opera Equilibrium.pl (Opera FIO),"10,71",PLN,"0,19","-2,10","0,94","4,59","-20,49","-14,32",2016-04-08,
Opera FIZ,"42 120,80",PLN,"0,00","0,00","9,03","0,00","0,00","0,00",2016-04-08,-
Opera NGO SFIO,"10,05",PLN,"0,00","0,20","1,00","3,82","0,90","-4,29",2016-04-08,-
Opera Pecunia.pl (Opera FIO),"12,61",PLN,"0,00","-0,16","-0,08","0,40","0,72","6,96",2016-04-08,
Opera Tutus-plus (Opera SFIO),"12,22",PLN,"0,00","-0,16","-0,16","0,83","1,41","0,00",2016-04-08,
Opera Universa.pl (Opera FIO),"6,41",PLN,"0,31","-2,44","2,07","9,57","-31,81","-31,44",2016-04-08,-
Opera Za 3 Grosze FIZ,"258,95",PLN,"0,00","0,00","11,12","0,00","0,00","0,00",2016-04-08,-
Opoka Akcji 130/30 (Opoka Omega FIZ),"101,90",PLN,"0,00","0,00","3,79","0,00","0,00","0,00",2016-04-08,-
Opoka Alfa (Opoka Omega FIZ),"106,84",PLN,"0,00","0,00","-0,72","0,00","0,00","0,00",2016-04-08,-
Opoka Neutral (Opoka Omega FIZ),"111,31",PLN,"0,00","0,00","0,25","0,00","0,00","0,00",2016-04-08,-
Opoka One FIZ,"145,47",PLN,"0,00","0,00","5,93","0,00","0,00","0,00",2016-04-08,-
Optimum Akcji (Optimum FIO),"7,75",PLN,"-1,27","-5,14","-0,13","8,24","-21,64","0,00",2016-04-07,
Optimum Gotówkowy (Optimum FIO),"10,13",PLN,"-0,10","-0,39","-0,30","-0,10","-1,07","0,00",2016-04-07,
Optimum Obligacji (Optimum FIO),"10,31",PLN,"-0,19","-0,39","-0,29","0,59","-0,77","0,00",2016-04-07,
Pioneer Akcji - Aktywna Selekcja (Pioneer FIO),"9,03",PLN,"-0,11","-3,01","1,46","4,88","-18,72","-5,25",2016-04-07,
Pioneer Akcji Amerykańskich (Pioneer Walutowy FIO),"96,20",PLN,"-1,41","-1,47","-3,96","-3,97","-7,54","34,45",2016-04-07,-
Pioneer Akcji Amerykańskich (USD) (Pioneer Walutowy FIO),"25,71",USD,"-1,15","-1,00","1,42","2,88","-7,48","16,28",2016-04-07,-
Pioneer Akcji Europejskich (EUR) (Pioneer Walutowy FIO),"10,45",EUR,"-0,67","-2,70","-2,88","-4,83","-17,13","16,76",2016-04-07,-
Pioneer Akcji Europejskich (Pioneer Walutowy FIO),"44,50",PLN,"-0,69","-2,94","-4,47","-6,79","-13,12","18,95",2016-04-07,-
Pioneer Akcji Europy Wschodniej (Pioneer Funduszy Globalnych SFIO),"5,45",PLN,"0,37","-2,15","1,11","5,83","-13,49","-24,20",2016-04-07,
Pioneer Akcji Małych i Średnich Spółek Rynków Rozwiniętych (Pioneer Funduszy Globalnych SFIO),"10,74",PLN,"-0,83","-2,27","-1,65","-3,50","-11,82","30,98",2016-04-07,-
Pioneer Akcji Polskich (Pioneer FIO),"19,24",PLN,"-0,31","-3,22","0,05","3,33","-20,10","-11,21",2016-04-07,-
Pioneer Akcji Rynków Dalekiego Wschodu (Pioneer Funduszy Globalnych SFIO),"8,10",PLN,"0,50","-1,70","0,87","0,25","-15,62","2,14",2016-04-07,-
Pioneer Akcji Rynków Wschodzących (Pioneer Funduszy Globalnych SFIO),"6,02",PLN,"0,00","-2,59","2,38","6,17","-15,80","-22,12",2016-04-07,-
Pioneer Alternatywny - Absolutnej Stopy Zwrotu (Pioneer Funduszy Globalnych SFIO),"9,87",PLN,"0,20","0,41","1,13","0,30","0,00","0,00",2016-04-07,-
Pioneer Alternatywny - Globalnego Dochodu (Pioneer Funduszy Globalnych SFIO),"9,49",PLN,"-0,21","-0,94","-0,32","1,06","-5,29","0,00",2016-04-07,-
Pioneer Dochodu i Wzrostu Regionu Pacyfiku (Pioneer Funduszy Globalnych SFIO),"13,78",PLN,"0,44","-1,15","0,73","0,88","-6,83","5,35",2016-04-07,-
Pioneer Dochodu i Wzrostu Rynku Chińskiego (Pioneer Funduszy Globalnych SFIO),"14,87",PLN,"0,13","-0,73","1,43","0,88","-11,22","5,31",2016-04-07,-
Pioneer Dynamicznych Spółek (Pioneer FIO),"17,22",PLN,"0,58","-0,63","1,95","0,88","-7,87","24,69",2016-04-07,
Pioneer Elastycznego Inwestowania (Pioneer Strategie Funduszowe SFIO),"10,98",PLN,"-0,09","-0,72","0,09","0,64","-5,91","-0,09",2016-04-07,-
Pioneer Global Multi-Asset Target Income FIZ,"931,93",PLN,"-0,03","-0,41","0,13","0,00","0,00","0,00",2016-04-07,
Pioneer Gotówkowy (Pioneer Funduszy Globalnych SFIO),"11,98",PLN,"0,00","0,00","0,08","0,25","1,10","5,83",2016-04-07,
Pioneer Konsumpcji i Wzrostu Rynków Wschodzących FIZ,"948,60",PLN,"-0,21","-2,12","1,16","0,00","0,00","0,00",2016-04-07,
Pioneer Małych i Średnich Spółek Rynku Polskiego (Pioneer FIO),"8,73",PLN,"0,81","-1,24","0,69","-0,23","-9,91","17,97",2016-04-07,-
Pioneer Obligacji - Dynamiczna Alokacja 2 (Pioneer FIO),"11,74",PLN,"-0,09","-0,17","0,17","1,03","0,95","11,92",2016-04-07,
Pioneer Obligacji - Dynamiczna Alokacja FIO,"135,96",PLN,"-0,07","-0,10","0,26","1,27","1,04","9,97",2016-04-07,
Pioneer Obligacji Dolarowych Plus (Pioneer Walutowy FIO),"70,42",PLN,"-0,16","-0,23","-3,80","-4,84","-3,42","11,27",2016-04-07,-
Pioneer Obligacji Dolarowych Plus (USD) (Pioneer Walutowy FIO),"18,82",USD,"0,11","0,21","1,62","1,95","-3,39","-3,78",2016-04-07,-
Pioneer Obligacji Europejskich Plus (EUR) (Pioneer Walutowy FIO),"10,55",EUR,"-0,09","0,00","0,57","0,38","-2,31","2,83",2016-04-07,-
Pioneer Obligacji Europejskich Plus (Pioneer Walutowy FIO),"44,96",PLN,"0,02","-0,18","-1,03","-1,62","2,48","4,83",2016-04-07,-
Pioneer Obligacji i Dochodu (Pioneer Funduszy Globalnych SFIO),"10,38",PLN,"-0,10","-0,29","0,68","1,86","-0,95","0,00",2016-04-07,
Pioneer Obligacji Plus (Pioneer FIO),"56,05",PLN,"-0,07","-0,14","0,20","0,86","0,52","0,00",2016-04-07,
Pioneer Obligacji Strategicznych (Pioneer Funduszy Globalnych SFIO),"17,12",PLN,"0,00","0,12","1,30","1,00","-1,61","5,03",2016-04-07,-
Pioneer Pieniężny (Pioneer FIO),"186,59",PLN,"0,02","0,03","0,19","0,34","0,94","5,81",2016-04-07,
Pioneer Pieniężny Plus (Pioneer FIO),"10,65",PLN,"0,00","0,00","0,19","0,28","1,14","0,00",2016-04-07,
Pioneer Stabilnego Inwestowania (Pioneer FIO),"11,35",PLN,"-0,18","-1,73","0,62","2,53","-8,47","1,34",2016-04-07,
Pioneer Stabilnego Wzrostu (Pioneer FIO),"186,88",PLN,"-0,05","-1,02","0,58","1,92","-6,17","-0,36",2016-04-07,
Pioneer Strategii Globalnej (Pioneer Strategie Funduszowe SFIO),"17,49",PLN,"0,34","-0,40","0,34","0,23","-6,77","11,40",2016-04-07,-
Pioneer Strategii Globalnej - konserwatywny (Pioneer Strategie Funduszowe SFIO),"10,25",PLN,"0,20","-0,10","0,89","1,59","0,00","0,00",2016-04-07,-
Pioneer Surowców i Energii (Pioneer Funduszy Globalnych SFIO),"5,43",PLN,"0,37","-1,63","-2,51","1,50","-20,61","-33,54",2016-04-07,-
Pioneer Wzrostu i Dochodu Rynku Amerykańskiego (Pioneer Funduszy Globalnych SFIO),"10,09",PLN,"-0,30","-0,10","1,51","1,92","-0,49","0,00",2016-04-07,-
Pioneer Wzrostu i Dochodu Rynku Europejskiego (Pioneer Funduszy Globalnych SFIO),"10,56",PLN,"-0,28","-1,12","-0,85","-2,58","-7,77","0,00",2016-04-07,-
Pioneer Zabezpieczony Rynku Polskiego (Pioneer Strategie Funduszowe SFIO),"11,18",PLN,"-0,09","-0,27","0,00","0,45","-1,93","1,91",2016-04-07,-
Pioneer Zmiennej Alokacji (Pioneer Strategie Funduszowe SFIO),"12,67",PLN,"-0,08","-0,47","0,00","0,72","-2,91","2,26",2016-04-07,-
Pioneer Zmiennej Alokacji - Rynki Europy Wschodniej (Pioneer Strategie Funduszowe SFIO),"9,79",PLN,"0,00","-0,31","0,00","0,51","-3,74","-4,77",2016-04-07,-
Pioneer Zmiennej Alokacji - Rynki Wschodzące (Pioneer Strategie Funduszowe SFIO),"9,55",PLN,"-0,10","-0,42","0,10","0,63","-2,35","-3,92",2016-04-07,-
Pioneer Zmiennej Alokacji 2 (Pioneer Strategie Funduszowe SFIO),"11,45",PLN,"-0,09","-0,35","0,09","0,88","-2,47","3,81",2016-04-07,-
Pioneer Zmiennej Alokacji 3 (Pioneer Strategie Funduszowe SFIO),"11,53",PLN,"-0,09","-0,35","0,00","0,44","-3,43","5,49",2016-04-07,-
Pioneer Zmiennej Alokacji Rynku Amerykańskiego (Pioneer Strategie Funduszowe SFIO),"12,73",PLN,"-0,16","-0,24","0,08","0,63","0,55","14,58",2016-04-07,-
Pioneer Zmiennej Alokacji Rynku Polskiego (Pioneer Strategie Funduszowe SFIO),"10,32",PLN,"-0,10","-0,48","-0,10","0,49","-3,73","0,58",2016-04-07,-
Pioneer Zrównoważony (Pioneer FIO),"108,62",PLN,"-0,15","-2,10","0,16","2,24","-12,40","-5,09",2016-04-07,-
Pioneer Zrównoważony Rynku Amerykańskiego (Pioneer Walutowy FIO),"48,50",PLN,"-0,90","-1,06","-4,19","-4,60","-5,93","25,71",2016-04-07,-
Pioneer Zrównoważony Rynku Amerykańskiego (USD) (Pioneer Walutowy FIO),"12,96",USD,"-0,69","-0,61","1,17","2,21","-5,88","8,72",2016-04-07,-
PKO Akcji Dywidendowych Globalny (Parasolowy FIO),"100,12",PLN,"-0,40","-2,21","-1,49","-1,59","0,00","0,00",2016-04-07,-
PKO Akcji Dywidendowych Globalny A1 (Parasolowy FIO),"100,50",PLN,"-0,41","-2,20","-1,43","-1,41","0,00","0,00",2016-04-07,-
PKO Akcji Małych i Średnich Spółek (Parasolowy FIO),"209,62",PLN,"-0,37","-2,15","0,26","1,60","-4,99","29,51",2016-04-07,-
PKO Akcji Małych i Średnich Spółek A1 (Parasolowy FIO),"214,83",PLN,"-0,36","-2,13","0,35","1,86","-4,03","32,73",2016-04-07,-
PKO Akcji Nowa Europa (Parasolowy FIO),"99,06",PLN,"-0,39","-1,81","0,25","7,81","-1,28","8,36",2016-04-07,-
PKO Akcji Nowa Europa A1 (Parasolowy FIO),"108,26",PLN,"-0,39","-1,80","0,34","8,09","-0,29","11,68",2016-04-07,-
PKO Akcji Plus (Parasolowy FIO),"76,19",PLN,"-0,55","-2,52","0,29","5,85","-8,58","16,16",2016-04-07,
PKO Akcji Plus A1 (Parasolowy FIO),"78,30",PLN,"-0,56","-2,50","0,37","6,11","-7,65","19,25",2016-04-07,-
PKO Akcji Rynków Wschodzących (Parasolowy FIO),"81,27",PLN,"-0,59","-2,86","1,06","5,44","0,00","0,00",2016-04-07,-
PKO Akcji Rynków Wschodzących A1 (Parasolowy FIO),"81,78",PLN,"-0,60","-2,85","1,14","5,70","0,00","0,00",2016-04-07,-
PKO Akcji Rynku Amerykańskiego (Parasolowy FIO),"95,10",PLN,"-0,36","-0,71","1,30","3,13","0,00","0,00",2016-04-07,-
PKO Akcji Rynku Amerykańskiego A1 (Parasolowy FIO),"95,69",PLN,"-0,35","-0,70","1,38","3,39","0,00","0,00",2016-04-07,-
PKO Akcji Rynku Azji i Pacyfiku (Parasolowy FIO),"84,97",PLN,"-0,41","-2,30","0,56","2,99","0,00","0,00",2016-04-07,-
PKO Akcji Rynku Azji i Pacyfiku A1 (Parasolowy FIO),"85,50",PLN,"-0,42","-2,29","0,64","3,24","0,00","0,00",2016-04-07,-
PKO Akcji Rynku Europejskiego (Parasolowy FIO),"83,05",PLN,"-0,47","-2,53","-2,90","-5,64","0,00","0,00",2016-04-07,-
PKO Akcji Rynku Europejskiego A1 (Parasolowy FIO),"83,58",PLN,"-0,48","-2,52","-2,85","-5,46","0,00","0,00",2016-04-07,-
PKO Akcji Rynku Japońskiego (Parasolowy FIO),"78,48",PLN,"-0,75","-6,31","-5,34","-11,59","0,00","0,00",2016-04-07,-
PKO Akcji Rynku Japońskiego A1 (Parasolowy FIO),"78,98",PLN,"-0,74","-6,29","-5,27","-11,37","0,00","0,00",2016-04-07,-
PKO Akcji Rynku Złota (Parasolowy FIO),"103,80",PLN,"2,94","3,26","0,86","31,88","0,00","0,00",2016-04-07,-
PKO Akcji Rynku Złota A1 (Parasolowy FIO),"104,18",PLN,"2,94","3,27","0,91","32,04","0,00","0,00",2016-04-07,-
PKO Bezpieczna Lokata I FIZ,"105,64",PLN,"0,00","0,00","-0,23","-0,23","0,00","0,00",2016-04-08,-
PKO Dóbr Luksusowych Globalny (Parasolowy FIO),"147,47",PLN,"-0,62","-3,33","-2,42","1,67","-3,44","22,11",2016-04-07,-
PKO Dóbr Luksusowych Globalny A1 (Parasolowy FIO),"150,99",PLN,"-0,62","-3,32","-2,34","1,92","-2,47","25,02",2016-04-07,-
PKO Europa Wschód-Zachód FIZ seria A,"108,13",PLN,"0,00","0,00","0,90","0,00","0,00","0,00",2016-04-08,-
PKO Europa Wschód-Zachód FIZ seria B,"108,71",PLN,"0,00","0,00","0,90","0,00","0,00","0,00",2016-04-08,-
PKO Europa Wschód-Zachód FIZ seria C,"106,22",PLN,"0,00","0,00","0,89","0,00","0,00","0,00",2016-04-08,-
PKO Europa Wschód-Zachód FIZ seria D,"107,70",PLN,"0,00","0,00","0,89","1,33","0,00","0,00",2016-04-08,-
PKO Europa Wschód-Zachód FIZ seria E,"107,19",PLN,"0,00","0,00","0,00","0,00","0,00","0,00",2016-04-08,-
PKO Globalnego Dochodu FIZ,"101,32",PLN,"0,00","0,00","1,34","1,34","0,00","0,00",2016-04-08,-
PKO Globalnej Makroekonomii FIZ seria A,"1 376,51",PLN,"0,00","0,00","-0,26","0,00","0,00","0,00",2016-04-08,-
PKO Globalnej Makroekonomii FIZ seria B,"1 342,20",PLN,"0,00","0,00","-0,26","0,00","0,00","0,00",2016-04-08,-
PKO Globalnej Makroekonomii FIZ seria C,"1 356,34",PLN,"0,00","0,00","-0,26","0,00","0,00","0,00",2016-04-08,-
PKO Globalnej Makroekonomii FIZ seria D,"1 341,83",PLN,"0,00","0,00","-0,26","0,00","0,00","0,00",2016-04-08,-
PKO Globalnej Makroekonomii FIZ seria E,"1 355,53",PLN,"0,00","0,00","-0,26","0,00","0,00","0,00",2016-04-08,-
PKO Globalnej Makroekonomii FIZ seria F,"1 376,98",PLN,"0,00","0,00","-0,26","0,00","0,00","0,00",2016-04-08,-
PKO Globalnej Makroekonomii FIZ seria G,"1 364,49",PLN,"0,00","0,00","-0,26","0,00","0,00","0,00",2016-04-08,-
PKO Globalnej Makroekonomii FIZ seria H,"1 380,62",PLN,"0,00","0,00","-0,26","0,00","0,00","0,00",2016-04-08,-
PKO Globalnej Makroekonomii FIZ seria I,"1 390,73",PLN,"0,00","0,00","-0,26","3,29","0,00","0,00",2016-04-08,-
PKO Globalnej Makroekonomii FIZ seria J,"1 355,20",PLN,"0,00","0,00","-0,26","0,00","0,00","0,00",2016-04-08,-
PKO Globalnej Strategii FIZ,"106,83",PLN,"0,00","0,00","0,43","0,00","0,00","0,00",2016-04-08,-
PKO Infrastruktury i Budownictwa Globalny (Parasolowy FIO),"83,37",PLN,"-0,45","-0,94","1,98","3,66","-1,10","8,55",2016-04-07,-
PKO Infrastruktury i Budownictwa Globalny A1 (Parasolowy FIO),"85,71",PLN,"-0,45","-0,92","2,06","3,92","-0,12","11,60",2016-04-07,-
PKO Multi Strategia FIZ seria A,"100,39",PLN,"0,00","0,00","2,34","0,00","0,00","0,00",2016-04-08,-
PKO Multi Strategia FIZ seria B,"101,25",PLN,"0,00","0,00","2,36","0,00","0,00","0,00",2016-04-08,-
PKO Multi Strategia FIZ seria C,"101,16",PLN,"0,00","0,00","2,36","0,00","0,00","0,00",2016-04-08,-
PKO Multi Strategia FIZ seria D,"100,91",PLN,"0,00","0,00","2,34","0,20","0,00","0,00",2016-04-08,-
PKO Nieruchomości Komercyjnych FIZ AN,"10,03",PLN,"0,00","0,00","-1,08","0,00","0,00","0,00",2016-04-08,-
PKO Obligacji Długoterminowych (Parasolowy FIO),"200,90",PLN,"-0,15","-0,35","-0,03","0,70","1,33","10,14",2016-04-07,
PKO Obligacji Długoterminowych A1 (Parasolowy FIO),"205,34",PLN,"-0,16","-0,34","-0,02","0,76","1,70","11,64",2016-04-07,-
PKO Obligacji Korporacyjnych FIZ seria A,"119,92",PLN,"0,00","0,00","0,10","0,55","0,00","0,00",2016-04-08,-
PKO Obligacji Korporacyjnych FIZ seria B,"119,47",PLN,"0,00","0,00","0,10","0,54","0,00","0,00",2016-04-08,-
PKO Obligacji Korporacyjnych FIZ seria C,"118,97",PLN,"0,00","0,00","0,10","0,55","0,00","0,00",2016-04-08,-
PKO Obligacji Korporacyjnych FIZ seria D,"120,21",PLN,"0,00","0,00","0,10","0,54","0,00","0,00",2016-04-08,-
PKO Obligacji Korporacyjnych FIZ seria E,"119,57",PLN,"0,00","0,00","0,10","0,00","0,00","0,00",2016-04-08,-
PKO Obligacji Korporacyjnych FIZ seria F,"119,80",PLN,"0,00","0,00","0,09","0,00","0,00","0,00",2016-04-08,-
PKO Papierów Dłużnych Plus (Parasolowy FIO),"163,17",PLN,"-0,12","-0,27","-0,18","0,25","0,79","6,23",2016-04-07,
PKO Papierów Dłużnych Plus A1 (Parasolowy FIO),"166,21",PLN,"-0,11","-0,27","-0,17","0,30","1,16","7,69",2016-04-07,-
PKO Papierów Dłużnych USD (Parasolowy FIO),"105,34",PLN,"-0,12","0,16","-3,65","-3,62","0,00","0,00",2016-04-07,-
PKO Papierów Dłużnych USD A1 (Parasolowy FIO),"105,51",PLN,"-0,13","0,16","-3,64","-3,60","0,00","0,00",2016-04-07,-
PKO Płynnościowy SFIO,"11,26",PLN,"0,00","0,00","0,18","0,63","2,09","9,85",2016-04-07,
PKO Płynnościowy SFIO A1,"11,33",PLN,"0,00","0,00","0,18","0,62","2,16","10,54",2016-04-07,-
PKO Rynku Pieniężnego (Parasolowy FIO),"1 430,42",PLN,"0,02","-0,00","0,11","0,25","0,97","5,42",2016-04-07,-
PKO Rynku Pieniężnego A1 (Parasolowy FIO),"1 446,09",PLN,"0,02","-0,00","0,11","0,27","1,07","5,74",2016-04-07,-
PKO Skarbowy (Parasolowy FIO),"2 084,70",PLN,"0,00","-0,05","0,14","0,40","1,45","6,54",2016-04-07,
PKO Skarbowy A1 (Parasolowy FIO),"2 132,63",PLN,"0,01","-0,04","0,15","0,42","1,56","6,87",2016-04-07,-
PKO Spółek Innowacyjnych Globalny FIZ seria A,"120,42",PLN,"0,00","0,00","5,23","0,00","0,00","0,00",2016-04-08,-
PKO Spółek Innowacyjnych Globalny FIZ seria B,"113,74",PLN,"0,00","0,00","5,52","0,00","0,00","0,00",2016-04-08,-
PKO Spółek Innowacyjnych Globalny FIZ seria C,"121,03",PLN,"0,00","0,00","5,56","0,00","0,00","0,00",2016-04-08,-
PKO Stabilnego Wzrostu (Parasolowy FIO),"146,85",PLN,"-0,23","-1,04","-0,03","1,68","-3,03","8,39",2016-04-07,-
PKO Stabilnego Wzrostu A1 (Parasolowy FIO),"156,10",PLN,"-0,23","-1,04","0,01","1,80","-2,55","10,04",2016-04-07,-
PKO Strategicznej Alokacji (Parasolowy FIO),"87,82",PLN,"-0,25","-1,50","-0,22","4,75","-3,46","3,15",2016-04-07,
PKO Strategicznej Alokacji A1 (Parasolowy FIO),"87,82",PLN,"-0,25","-1,50","-0,22","4,75","-3,46","3,15",2016-04-07,-
PKO Strategii Obligacyjnych FIZ,"104,62",PLN,"0,00","0,05","1,03","0,00","0,00","0,00",2016-04-08,-
PKO Surowców Globalny (Parasolowy FIO),"86,63",PLN,"-0,02","-1,27","-3,99","27,30","1,73","-6,67",2016-04-07,-
PKO Surowców Globalny A1 (Parasolowy FIO),"88,70",PLN,"-0,02","-1,26","-3,91","27,63","2,76","-4,44",2016-04-07,-
PKO Technologii i Innowacji Globalny (Parasolowy FIO),"169,58",PLN,"-0,59","-2,15","0,51","4,11","0,27","43,59",2016-04-07,-
PKO Technologii i Innowacji Globalny A1 (Parasolowy FIO),"173,80",PLN,"-0,58","-2,12","0,60","4,37","1,29","47,16",2016-04-07,-
PKO Zabezpieczenia Emerytalnego 2020 (PKO Zabezpieczenia Emerytalnego SFIO),"11,16",PLN,"-0,18","-0,36","-0,09","0,54","1,18","7,72",2016-04-07,-
PKO Zabezpieczenia Emerytalnego 2030 (PKO Zabezpieczenia Emerytalnego SFIO),"11,10",PLN,"-0,18","-0,89","0,18","2,40","-3,98","7,77",2016-04-07,-
PKO Zabezpieczenia Emerytalnego 2040 (PKO Zabezpieczenia Emerytalnego SFIO),"10,72",PLN,"-0,37","-1,47","0,19","3,18","-7,03","5,72",2016-04-07,-
PKO Zabezpieczenia Emerytalnego 2050 (PKO Zabezpieczenia Emerytalnego SFIO),"11,09",PLN,"-0,54","-2,29","-0,09","4,82","-6,73","10,57",2016-04-07,-
PKO Zabezpieczenia Emerytalnego 2060 (PKO Zabezpieczenia Emerytalnego SFIO),"11,27",PLN,"-0,53","-2,34","-0,18","5,13","-7,47","10,27",2016-04-07,-
PKO Zrównoważony (Parasolowy FIO),"124,60",PLN,"-0,35","-1,64","-0,10","2,77","-4,97","7,77",2016-04-07,-
PKO Zrównoważony A1 (Parasolowy FIO),"140,80",PLN,"-0,35","-1,63","-0,01","3,05","-3,92","11,39",2016-04-07,-
Pragma 1 FIZ NFS,"105,20",PLN,"0,00","0,00","0,63","1,98","18,35","0,00",2016-04-08,-
Pretium SFIO,"9,52",PLN,"0,00","0,00","-0,21","-0,63","-2,16","-4,80",2016-04-01,-
Provide Able 2 Trend FIZ,"82,87",PLN,"0,00","0,00","0,00","0,00","0,00","0,00",2016-03-30,-
PZU Akcji KRAKOWIAK (PZU FIO Parasolowy),"89,52",PLN,"1,18","-1,08","3,56","8,46","-15,73","-9,19",2016-04-08,
PZU Akcji Małych i Średnich Spółek (PZU FIO Parasolowy),"49,35",PLN,"0,59","0,26","7,03","9,50","0,41","18,60",2016-04-08,
PZU Akcji Nowa Europa (PZU FIO Parasolowy),"43,00",PLN,"1,15","0,12","1,68","9,14","-10,88","-9,42",2016-04-08,-
PZU Akcji Rynków Rozwiniętych (EUR) (GI SFIO),"40,06",EUR,"0,28","-1,72","-0,07","1,24","-16,10","18,70",2016-04-08,-
PZU Akcji Rynków Rozwiniętych (GI SFIO),"171,96",PLN,"1,04","-0,48","-1,00","0,00","-10,73","22,80",2016-04-08,
PZU Akcji Rynków Wschodzących (EUR) (GI SFIO),"21,14",EUR,"1,10","-2,31","3,17","10,33","-26,67","-26,19",2016-04-08,-
PZU Akcji Rynków Wschodzących (GI SFIO),"90,76",PLN,"1,87","-1,05","2,23","8,98","-21,97","-23,64",2016-04-08,-
PZU Akcji Spółek Dywidendowych (EUR) (GI SFIO),"23,58",EUR,"0,17","-1,17","8,51","13,80","7,33","17,37",2016-04-08,-
PZU Akcji Spółek Dywidendowych (GI SFIO),"101,21",PLN,"0,93","0,07","7,49","12,39","14,19","21,41",2016-04-08,
PZU Dłużny Rynków Wschodzących (EUR) (GI SFIO),"30,03",EUR,"-0,66","-1,31","1,73","3,02","-5,57","6,49",2016-04-08,-
PZU Dłużny Rynków Wschodzących (GI SFIO),"128,94",PLN,"0,12","-0,04","0,81","1,78","0,52","10,20",2016-04-08,-
PZU Energia Medycyna Ekologia (PZU FIO Parasolowy),"83,92",PLN,"-0,10","1,36","3,31","-5,53","-23,00","10,51",2016-04-08,-
PZU FIO Ochrony Majątku,"60,63",PLN,"-0,02","-0,05","-0,07","0,03","0,56","4,26",2016-04-08,
PZU FIZ Akcji Focus,"1 100,21",PLN,"0,00","0,00","8,18","6,42","0,00","0,00",2016-04-08,-
PZU FIZ Akord,"106,86",PLN,"0,00","0,00","0,78","0,00","0,00","0,00",2016-04-08,-
PZU FIZ Forte,"1 182,04",PLN,"0,00","0,00","0,60","4,56","0,00","0,00",2016-04-08,-
PZU FIZ Medyczny,"1 049,72",PLN,"0,00","0,00","5,60","-19,49","0,00","0,00",2016-04-08,-
PZU FIZ Surowcowy,"980,56",PLN,"0,00","0,00","-1,66","0,00","0,00","0,00",2016-04-08,-
PZU Gotówkowy (PZU FIO Parasolowy),"74,74",PLN,"0,03","-0,08","0,34","0,16","1,31","7,22",2016-04-08,
PZU Papierów Dłużnych POLONEZ (PZU FIO Parasolowy),"161,42",PLN,"0,04","-0,51","0,23","0,31","1,58","13,87",2016-04-08,
PZU Sejf+ (PZU FIO Parasolowy),"61,85",PLN,"-0,02","-0,13","0,13","-0,59","0,67","6,80",2016-04-08,-
PZU SFIO Universum,"1 392,96",PLN,"-0,01","-0,52","0,26","0,66","1,17","0,00",2016-04-08,
PZU Stabilnego Wzrostu Mazurek (PZU FIO Parasolowy),"129,73",PLN,"0,37","-0,67","1,41","2,50","-4,10","4,49",2016-04-08,
PZU Zrównoważony (PZU FIO Parasolowy),"69,54",PLN,"0,55","-0,46","4,70","8,13","-6,41","6,79",2016-04-08,
QUERCUS Absolute Return FIZ,"1 586,35",PLN,"0,00","0,00","2,88","0,00","0,00","0,00",2016-04-08,-
QUERCUS Absolutnego Zwrotu FIZ,"1 445,21",PLN,"0,00","0,00","3,21","0,00","0,00","0,00",2016-04-08,-
QUERCUS Agresywny (Parasolowy SFIO),"164,28",PLN,"0,26","-1,42","1,58","6,16","-6,43","11,33",2016-04-07,
QUERCUS Gold (Parasolowy SFIO),"53,57",PLN,"1,44","0,51","-2,74","10,48","-0,85","0,00",2016-04-07,-
QUERCUS lev (Parasolowy SFIO),"54,59",PLN,"-2,78","-8,90","1,09","15,41","-41,16","-38,45",2016-04-07,-
QUERCUS Multistrategy FIZ,"1 028,77",PLN,"0,00","0,00","1,04","1,96","0,00","0,00",2016-04-08,-
QUERCUS Ochrony Kapitału (Parasolowy SFIO),"140,41",PLN,"0,01","0,05","0,20","0,53","2,29","8,81",2016-04-07,-
QUERCUS Rosja (Parasolowy SFIO),"57,93",PLN,"0,57","-1,56","-2,05","10,68","-11,03","-34,57",2016-04-07,-
QUERCUS Selektywny (Parasolowy SFIO),"147,69",PLN,"0,39","-0,40","2,22","3,29","1,29","15,14",2016-04-07,-
QUERCUS short (Parasolowy SFIO),"93,10",PLN,"1,33","4,67","-1,41","-9,06","18,30","0,99",2016-04-07,-
QUERCUS Stabilny (Parasolowy SFIO),"115,83",PLN,"0,07","0,65","1,94","2,80","2,90","0,00",2016-04-07,-
QUERCUS Turcja (Parasolowy SFIO),"101,93",PLN,"-0,44","-2,47","2,65","9,27","-4,20","-29,50",2016-04-07,-
Raiffeisen Aktywnego Inwestowania (Raiffeisen SFIO Parasolowy),"116,99",PLN,"0,10","-0,21","1,33","1,18","7,30","0,00",2016-04-07,-
Raiffeisen Aktywnego Oszczędzania (Raiffeisen SFIO Parasolowy),"104,73",PLN,"0,11","0,23","0,62","0,50","1,74","0,00",2016-04-07,
Raiffeisen Globalnych Możliwości (Raiffeisen SFIO Parasolowy),"94,99",PLN,"0,07","-0,84","-0,53","-0,28","-7,34","0,00",2016-04-07,-
Raiffeisen Obligacji Korporacyjnych (Raiffeisen SFIO Parasolowy),"104,76",PLN,"-0,01","0,11","0,88","1,70","2,48","0,00",2016-04-07,
SATURN Agresywny FIZ,"113,09",PLN,"0,00","2,28","6,58","0,00","0,00","0,00",2016-04-07,
SATURN Depozytowy FIZ,"113,75",PLN,"0,00","0,14","0,45","0,90","0,00","0,00",2016-04-07,-
SECUS FIZ InMedica,"127,31",PLN,"0,00","0,00","-4,61","0,00","0,00","0,00",2016-04-08,-
SECUS FIZ InProperty,"108,02",PLN,"0,00","0,00","0,05","0,00","0,00","0,00",2016-04-08,-
SECUS FIZ InReturn,"128,10",PLN,"0,00","0,00","-6,21","0,00","0,00","0,00",2016-04-08,-
SECUS FIZ InSecura Plus,"112,11",PLN,"0,00","0,00","0,36","0,00","0,00","0,00",2016-04-08,-
SECUS NSFIZ InSecura,"239 877,00",PLN,"0,00","0,00","1,02","0,00","0,00","0,00",2016-04-08,-
SFIO AGRO Kapitał na Rozwój,"215 655,00",PLN,"0,00","-0,05","-0,55","-0,96","-2,49","-1,56",2016-04-08,-
SGB Dłużny (UniFundusze SFIO),"998,35",PLN,"-0,18","-0,32","0,00","0,00","0,00","0,00",2016-04-08,-
SGB Gotówkowy (UniFundusze SFIO),"1 065,26",PLN,"0,01","0,05","0,32","0,38","1,56","0,00",2016-04-08,
SGB WI Lasy Polskie FIZ AN,"949,87",PLN,"0,00","0,00","0,18","1,21","0,00","0,00",2016-04-08,-
SGB Zagraniczny (UniFundusze SFIO),"986,38",PLN,"-0,15","-0,25","0,16","-1,02","0,00","0,00",2016-04-08,-
Skarbiec - Obligacyjny FIZ,"13 466,10",PLN,"0,00","0,00","0,12","1,02","0,00","0,00",2016-04-08,
Skarbiec - Obligacyjny Nowej Europy FIZ,"12 060,90",PLN,"0,00","0,00","0,08","0,00","0,00","0,00",2016-04-08,-
Skarbiec - SMARTFIZ FIZ,"12 103,20",PLN,"0,00","0,00","4,24","0,00","0,00","0,00",2016-04-08,-
Skarbiec - Top Funduszy Akcji SFIO,"130,81",PLN,"-0,59","-2,09","0,32","0,47","-14,27","-2,71",2016-04-07,
Skarbiec - Top Funduszy Stabilnych SFIO,"162,65",PLN,"-0,17","-0,71","0,87","1,01","-5,31","5,12",2016-04-07,
Skarbiec Absolute Return Globalnych Obligacji FIZ,"10 384,40",PLN,"0,00","0,00","0,45","0,69","0,00","0,00",2016-04-08,-
Skarbiec Akcja (Skarbiec FIO),"246,89",PLN,"-0,32","-2,61","0,76","2,95","-17,04","-7,84",2016-04-07,
Skarbiec Depozytowy DPW (Skarbiec FIO),"33,94",PLN,"-0,06","-0,09","0,15","0,44","0,47","7,41",2016-04-07,-
Skarbiec Dochodowych Nieruchomości FIZ AN,"102,60",PLN,"0,00","0,00","0,08","0,00","0,00","0,00",2016-04-08,-
Skarbiec Football FIZ AN seria A,"10 225,80",PLN,"0,00","0,00","0,00","0,00","0,00","0,00",2016-04-08,-
Skarbiec Football FIZ AN seria B,"10 158,00",PLN,"0,00","0,00","0,00","0,00","0,00","0,00",2016-04-08,-
Skarbiec Football FIZ AN seria C,"10 032,10",PLN,"0,00","0,00","0,00","0,32","0,00","0,00",2016-04-08,-
Skarbiec Globalny Małych i Średnich Spółek (Skarbiec FIO),"128,49",PLN,"-0,60","-2,13","-1,80","-5,29","0,00","0,00",2016-04-07,-
Skarbiec Globalnych Obligacji Korporacyjnych FIZ,"10 098,30",PLN,"0,00","0,00","2,71","1,93","0,00","0,00",2016-04-08,-
Skarbiec III Filar (Skarbiec FIO),"146,68",PLN,"-0,17","-1,12","0,47","0,82","-8,39","5,15",2016-04-07,-
Skarbiec Kasa Pieniężny (Skarbiec FIO),"333,28",PLN,"-0,00","-0,02","0,10","0,35","1,25","5,89",2016-04-07,-
Skarbiec Lokacyjny (Skarbiec FIO),"127,89",PLN,"0,02","0,12","1,14","2,02","-0,81","9,45",2016-04-07,-
Skarbiec Magna FIZ,"9 971,64",PLN,"0,00","0,00","-0,47","-0,28","0,00","0,00",2016-04-08,-
Skarbiec Market Neutral (Skarbiec FIO),"124,01",PLN,"0,30","0,34","-0,75","-4,26","-0,81","10,84",2016-04-07,-
Skarbiec Market Opportunities (Skarbiec FIO),"135,36",PLN,"0,00","-0,76","-2,70","-1,10","-9,69","0,00",2016-04-07,-
Skarbiec Małych i Średnich Spółek (Skarbiec FIO),"69,02",PLN,"0,47","-1,15","1,41","2,82","-4,29","26,90",2016-04-07,
Skarbiec MultiAsset FIZ,"9 847,04",PLN,"0,00","0,00","-2,35","0,00","0,00","0,00",2016-04-08,-
Skarbiec na 5 BIS FIZ AN,"1 000,00",PLN,"0,00","0,00","0,00","0,00","0,00","0,00",2016-04-08,-
Skarbiec na 5 FIZ AN,"100,00",PLN,"0,00","0,00","0,00","0,00","0,00","0,00",2016-04-08,-
Skarbiec Obligacja Instrumentów Dłużnych (Skarbiec FIO),"297,81",PLN,"-0,05","-0,11","0,05","0,41","-0,20","8,69",2016-04-07,-
Skarbiec Obligacji Globalnych (Skarbiec FIO),"100,95",PLN,"0,01","0,06","0,25","0,61","0,00","0,00",2016-04-07,-
Skarbiec Rynków Rozwiniętych (Skarbiec FIO),"89,71",PLN,"-0,71","-2,29","-0,94","-4,07","-14,77","7,39",2016-04-07,-
Skarbiec Rynków Rozwiniętych (USD) (Skarbiec FIO),"23,98",USD,"-0,46","-1,80","4,62","2,79","-14,72","-7,13",2016-04-07,-
Skarbiec Rynków Surowcowych (Skarbiec FIO),"49,54",PLN,"0,14","-2,35","-3,28","-1,12","-26,17","-47,42",2016-04-07,-
Skarbiec Rynków Wschodzących (EUR) (Skarbiec FIO),"1,61",EUR,"-0,62","-3,59","-2,42","1,26","-25,12","-19,10",2016-04-07,-
Skarbiec Rynków Wschodzących (Skarbiec FIO),"6,86",PLN,"-0,72","-3,65","-4,06","-0,87","-21,33","-17,55",2016-04-07,
Skarbiec Spółek Wzrostowych (Skarbiec FIO),"66,23",PLN,"-0,81","-1,38","3,78","-0,62","-12,95","12,79",2016-04-07,
Skarbiec Top Brands (Skarbiec FIO),"112,69",PLN,"-0,88","-1,42","1,86","-3,10","-13,09","0,00",2016-04-07,
Skarbiec Waga Zrównoważony (Skarbiec FIO),"269,18",PLN,"-0,27","-1,63","0,54","1,45","-9,77","-0,76",2016-04-07,
Skarbiec Zdrowia FIZ AN,"10 000,00",PLN,"0,00","0,00","0,00","0,00","0,00","0,00",2016-04-08,-
SKOK Akcji (SKOK PARASOL FIO),"86,86",PLN,"-0,57","-3,55","0,57","6,19","-5,08","4,09",2016-04-07,
SKOK Etyczny 1 (SKOK PARASOL FIO),"122,55",PLN,"0,00","-0,08","-0,04","0,38","-0,03","3,61",2016-04-07,
SKOK Etyczny 2 (SKOK PARASOL FIO),"95,30",PLN,"-0,48","-2,80","0,31","2,84","-7,51","3,32",2016-04-07,
SKOK FIO Rynku Pieniężnego,"149,80",PLN,"0,00","-0,05","0,02","0,02","0,83","5,69",2016-04-07,-
SKOK Gotówkowy (SKOK PARASOL FIO),"120,84",PLN,"0,04","0,04","0,24","0,22","0,08","6,99",2016-04-07,
SKOK Obligacji (SKOK PARASOL FIO),"174,94",PLN,"0,03","0,02","0,26","0,91","0,00","0,00",2016-04-07,-
SKOK Stabilny Zmiennej Alokacji (SKOK PARASOL FIO),"135,42",PLN,"-0,09","-0,80","0,02","0,49","-4,32","3,28",2016-04-07,
Solution One FIZ seria C,"114,99",PLN,"0,00","0,00","1,68","0,00","0,00","0,00",2016-04-08,-
subGO Fund Wierzytelności (GO FUND FIZ),"3,07",PLN,"0,00","0,00","0,51","0,67","0,00","0,00",2016-04-08,-
subGO Micro (GO FUND FIZ),"1,20",PLN,"0,00","0,00","9,24","3,27","0,00","0,00",2016-04-08,-
subGO Obligacje 1 (GO FUND FIZ),"1,67",PLN,"0,00","0,00","0,12","0,90","0,00","0,00",2016-04-08,-
subGO Wierzytelności Płynnych (GO FUND FIZ),"1,10",PLN,"0,00","0,00","0,10","0,87","0,00","0,00",2016-04-08,-
Superfund Akcji (EUR) (Superfund SFIO),"189,82",EUR,"-0,83","-3,17","0,02","1,09","-12,38","16,38",2016-04-07,-
Superfund Akcji (Superfund SFIO),"808,64",PLN,"-0,77","-3,36","-1,58","-0,94","-8,10","18,55",2016-04-07,
Superfund Akcji (USD) (Superfund SFIO),"216,13",USD,"-0,52","-2,91","3,94","6,13","-8,05","2,53",2016-04-07,-
Superfund Akcyjny (Superfund SFIO Portfelowy),"98,49",PLN,"-0,81","-3,58","-1,85","-1,53","-11,50","0,00",2016-04-07,
Superfund Alternatywny (Superfund SFIO Portfelowy),"114,27",PLN,"0,64","-0,41","-0,78","-3,73","-11,25","0,00",2016-04-07,-
Superfund B (EUR) (Superfund SFIO),"232,52",EUR,"0,20","-0,68","3,18","1,02","-11,76","13,56",2016-04-07,-
Superfund B (Superfund SFIO),"990,56",PLN,"0,25","-0,87","1,53","-1,01","-7,45","15,68",2016-04-07,-
Superfund B (USD) (Superfund SFIO),"264,76",USD,"0,51","-0,41","7,23","6,06","-7,39","0,05",2016-04-07,-
Superfund C (EUR) (Superfund SFIO),"205,46",EUR,"0,23","-0,45","3,32","1,69","-12,74","13,77",2016-04-07,-
Superfund C (Superfund SFIO),"875,29",PLN,"0,29","-0,64","1,67","-0,36","-8,47","15,89",2016-04-07,-
Superfund C (USD) (Superfund SFIO),"233,95",USD,"0,55","-0,17","7,39","6,76","-8,42","0,23",2016-04-07,-
Superfund Goldfuture (EUR) (Superfund SFIO),"148,86",EUR,"-0,18","-0,69","-0,31","17,47","-9,04","-20,76",2016-04-07,-
Superfund Goldfuture (Superfund SFIO),"634,15",PLN,"-0,12","-0,89","-1,91","15,11","-4,59","-19,29",2016-04-07,-
Superfund Goldfuture (USD) (Superfund SFIO),"169,50",USD,"0,14","-0,42","3,61","23,33","-4,54","-30,19",2016-04-07,-
Superfund Obligacyjny (Superfund SFIO Portfelowy),"104,77",PLN,"-0,03","-0,10","-0,35","-0,67","-1,73","0,00",2016-04-07,
Superfund Pieniężny (Superfund SFIO Portfelowy),"107,12",PLN,"0,00","0,01","0,10","0,14","1,80","0,00",2016-04-07,
Superfund Płynnościowy (EUR) (Superfund SFIO),"356,84",EUR,"-0,04","0,20","1,73","2,29","-2,75","0,00",2016-04-07,-
Superfund Płynnościowy (Superfund SFIO),"1 520,19",PLN,"0,01","0,01","0,11","0,23","2,00","0,00",2016-04-07,
Superfund Płynnościowy (USD) (Superfund SFIO),"406,32",USD,"0,27","0,48","5,73","7,39","2,06","0,00",2016-04-07,-
Superfund RED (EUR) (Superfund SFIO),"153,01",EUR,"0,90","-0,28","4,82","5,58","-12,54","-15,13",2016-04-07,-
Superfund RED (Superfund SFIO),"651,84",PLN,"0,95","-0,47","3,14","3,45","-8,27","-13,54",2016-04-07,-
Superfund RED (USD) (Superfund SFIO),"174,22",USD,"1,21","-0,01","8,94","10,83","-8,21","-25,23",2016-04-07,-
Superfund Trend Bis Powiązany SFIO,"89,09",PLN,"0,32","-0,65","1,77","-0,69","-7,96","14,57",2016-04-07,-
Superfund Trend Bis Powiązany SFIO (EUR),"20,91",EUR,"0,24","-0,48","3,41","1,36","-12,25","12,48",2016-04-07,-
Superfund Trend Bis Powiązany SFIO (USD),"23,81",USD,"0,55","-0,17","7,49","6,39","-7,93","-0,92",2016-04-07,-
Superfund Trend Plus Powiązany SFIO kat. Standardowa,"85,98",PLN,"0,30","-0,62","1,74","-0,68","-8,80","13,93",2016-04-07,-
Superfund Trend Plus Powiązany SFIO kat. Standardowa (EUR),"20,18",EUR,"0,25","-0,44","3,38","1,36","-13,05","11,80",2016-04-07,-
Superfund Trend Plus Powiązany SFIO kat. Standardowa (USD),"22,98",USD,"0,57","-0,17","7,43","6,39","-8,74","-1,46",2016-04-07,-
Superfund Trend Podstawowy SFIO,"106,22",PLN,"0,32","-0,65","1,97","0,05","-6,24","22,94",2016-04-07,-
Superfund Trend Podstawowy SFIO (EUR),"24,93",EUR,"0,24","-0,48","3,62","2,09","-10,61","20,67",2016-04-07,-
Superfund Trend Podstawowy SFIO (USD),"28,39",USD,"0,57","-0,18","7,70","7,17","-6,18","6,33",2016-04-07,-
Templeton Wzrostowych Akcji Polskich (FT FIO),"101,68",PLN,"-0,29","-3,69","0,29","0,00","0,00","0,00",2016-04-07,-
Total FIZ,"148,63",PLN,"0,00","0,00","11,24","8,35","0,00","0,00",2016-04-08,-
Trigon Globalni Liderzy Wzrostu FIZ,"92,60",PLN,"0,00","0,00","4,42","-7,16","0,00","0,00",2016-04-08,-
Trigon Polskie Perły FIZ,"121,64",PLN,"0,00","0,00","1,42","0,00","0,00","0,00",2016-04-08,-
Trigon Profit II NSFIZ,"2 000,85",PLN,"0,00","0,00","0,62","1,63","0,00","0,00",2016-04-08,-
Trigon Profit III FIZ,"114,64",PLN,"0,00","0,00","0,25","0,00","0,00","0,00",2016-04-08,-
Trigon Profit IV NSFIZ,"214,28",PLN,"0,00","0,00","0,82","3,17","19,04","0,00",2016-04-08,-
Trigon Profit IX NSFIZ,"183,45",PLN,"0,00","0,00","0,11","2,08","0,00","0,00",2016-04-08,-
Trigon Profit NSFIZ,"1 920,10",PLN,"0,00","0,00","-0,78","-0,22","0,00","0,00",2016-04-08,-
Trigon Profit V NSFIZ,"180,56",PLN,"0,00","0,00","-0,37","-2,00","0,00","0,00",2016-04-08,-
Trigon Profit VII NSFIZ,"185,70",PLN,"0,00","0,00","1,38","2,77","0,00","0,00",2016-04-08,-
Trigon Profit VIII NSFIZ,"178,39",PLN,"0,00","0,00","-0,39","-0,73","0,00","0,00",2016-04-08,-
Trigon Profit XI FIZ,"102,40",PLN,"0,00","0,00","1,87","2,27","0,00","0,00",2016-04-08,-
Trigon Profit XII NSFIZ,"178 598,00",PLN,"0,00","0,00","-0,58","0,00","0,00","0,00",2016-04-08,-
Trigon Profit XIV NSFIZ,"179 033,00",PLN,"0,00","0,00","-0,27","-0,54","0,00","0,00",2016-04-08,-
Trigon Profit XV NSFIZ,"178 998,00",PLN,"0,00","0,00","-0,28","0,00","0,00","0,00",2016-04-08,-
Trigon Quantum Absolute Return FIZ,"1 557,05",PLN,"0,00","0,00","0,07","1,36","0,00","0,00",2016-04-08,-
Trigon Quantum Arbitrage FIZ,"1 019,40",PLN,"0,00","0,00","1,43","0,00","0,00","0,00",2016-04-08,-
Trigon Quantum Neutral FIZ,"120,97",PLN,"0,00","0,00","0,65","2,05","0,00","0,00",2016-04-08,-
UniAkcje Biopharma (UniFundusze SFIO),"97,07",PLN,"2,06","2,17","0,66","-7,86","0,00","0,00",2016-04-08,-
UniAkcje Dywidendowy (UniFundusze FIO),"116,40",PLN,"0,53","0,00","4,00","8,45","-7,94","0,00",2016-04-08,
UniAkcje Globalny Dywidendowy (UniFundusze SFIO),"99,11",PLN,"0,73","-1,61","-1,04","-2,86","0,00","0,00",2016-04-08,-
UniAkcje Małych i Średnich Spółek (UniFundusze FIO),"92,09",PLN,"0,11","-0,56","3,76","5,51","-6,15","22,36",2016-04-08,
UniAkcje Wzrostu (UniFundusze FIO),"91,78",PLN,"0,27","-0,87","3,61","8,08","-8,15","16,83",2016-04-08,
UniAkcje: Daleki Wschód (UniFundusze SFIO),"93,52",PLN,"-0,04","-0,90","-0,25","0,74","-15,99","0,00",2016-04-08,
UniAkcje: Nowa Europa (UniFundusze FIO),"107,46",PLN,"0,71","-0,50","3,65","8,81","0,00","5,60",2016-04-08,-
UniAkcje: Turcja (UniFundusze FIO),"69,28",PLN,"0,54","-1,18","4,26","11,62","-11,58","-31,04",2016-04-08,
UniAktywny Pieniężny (UniFundusze SFIO),"100,61",PLN,"-0,02","-0,02","0,28","0,54","0,00","0,00",2016-04-08,-
UniBessa (UniFundusze SFIO),"99,11",PLN,"0,00","-0,01","0,28","-0,59","-1,30","0,00",2016-04-08,-
UniDolar Pieniężny (USD) (UniFundusze FIO),"40,55",USD,"0,02","0,10","0,12","0,40","1,32","3,97",2016-04-08,-
UniDynamiczna Alokacja Aktywów (UniFundusze SFIO),"92,44",PLN,"-0,33","-0,47","0,58","-0,09","0,00","0,00",2016-04-08,-
UniEURIBOR (EUR) (UniFundusze SFIO),"1 187,51",EUR,"-0,01","0,02","0,19","0,39","0,66","3,28",2016-04-08,-
UniKorona Akcje (UniFundusze FIO),"185,86",PLN,"0,33","-2,04","1,96","8,53","-12,94","3,96",2016-04-08,-
UniKorona Obligacje (UniFundusze FIO),"335,76",PLN,"-0,04","-0,20","-0,18","0,36","-0,15","7,06",2016-04-08,
UniKorona Pieniężny (UniFundusze FIO),"204,45",PLN,"0,04","0,13","0,53","0,36","1,00","9,67",2016-04-08,-
UniKorona Zrównoważony (UniFundusze FIO),"292,45",PLN,"0,03","-1,14","1,48","5,04","-7,94","2,73",2016-04-08,-
UniLokata (UniFundusze FIO),"115,89",PLN,"0,00","0,03","0,13","0,42","1,89","8,34",2016-04-08,
UniObligacje Aktywny (UniFundusze SFIO),"150,70",PLN,"-0,05","0,08","0,82","1,51","-0,95","13,71",2016-04-08,
UniObligacje FIZ,"1 234,00",PLN,"0,00","0,00","0,65","0,85","0,00","0,00",2016-04-08,-
UniObligacje High Yield FIZ,"103,01",PLN,"0,00","0,00","0,27","0,83","0,00","0,00",2016-04-08,-
UniObligacje Zamienne (UniFundusze SFIO),"98,21",PLN,"0,22","0,15","0,77","-2,34","-3,83","0,00",2016-04-08,-
UniObligacje: Nowa Europa (UniFundusze FIO),"203,11",PLN,"0,26","0,54","0,06","2,40","-0,01","9,59",2016-04-08,-
UniStabilny Wzrost (UniFundusze FIO),"163,49",PLN,"-0,01","-0,92","1,04","3,25","-6,17","4,55",2016-04-08,
UniStrategie Dynamiczny (UniFundusze SFIO),"97,34",PLN,"0,00","-1,50","-1,68","-4,13","-12,69","0,00",2016-04-08,-
UniSystem 1 (UniSystem FIZ) (w likwidacji),"971,54",PLN,"0,01","0,29","0,29","0,00","0,00","0,00",2016-04-01,-
Universe 2 NSFIZ,"197 305,00",PLN,"0,00","0,00","0,86","1,51","0,00","0,00",2016-04-08,-
Universe NSFIZ,"223 872,00",PLN,"0,00","0,00","0,87","2,98","0,00","0,00",2016-04-08,-
UniWIBID Plus (UniFundusze SFIO),"1 676,69",PLN,"0,01","0,04","0,15","0,53","2,27","10,26",2016-04-08,-
WI Inwestycje Rolne FIZ AN,"1 449,65",PLN,"0,00","0,00","0,64","0,00","0,00","0,00",2016-04-08,-
WI Inwestycje Selektywne FIZ AN,"1 688,87",PLN,"0,00","0,00","0,41","0,00","0,00","0,00",2016-04-08,-
WI Vivante FIZ AN,"840,27",PLN,"0,00","0,00","0,47","0,00","0,00","0,00",2016-04-08,-
Zolkiewicz & Partners Inwestycji w Wartość FIZ,"111,45",PLN,"0,00","0,00","6,69","6,69","0,00","0,00",2016-04-08,-
