Nazwa funduszu,Kurs,Waluta,St. zw.1D,St. zw.7D,St. zw.1M,St. zw.3M,St. zw.1R,St. zw.3L,Data,Ranking12M

Acer Aggressive FIZ,"168,54",PLN,"0,00","0,00","1,63","0,00","0,00","0,00",2016-03-23,0
AGIO Agresywny (AGIO SFIO),"1 114,54",PLN,"1,63","1,63","6,56","2,64","-6,85","8,29",2016-03-23,4
AGIO Akcji PLUS (AGIO PLUS FIO),"114,24",PLN,"0,89","3,66","14,19","0,00","0,00","0,00",2016-03-23,0
AGIO Globalny (AGIO SFIO),"946,22",PLN,"1,43","1,43","5,24","0,27","-4,53","1,42",2016-03-23,0
AGIO Globalny (EUR) (AGIO SFIO),"222,47",EUR,"2,49","2,49","8,63","0,10","-6,96","-0,95",2016-03-23,0
AGIO Globalny (USD) (AGIO SFIO),"248,94",USD,"3,40","3,40","9,17","2,55","-1,86","-14,16",2016-03-23,0
AGIO Kapitał (AGIO SFIO),"1 366,87",PLN,"0,16","0,16","0,43","0,75","3,28","14,55",2016-03-23,5
AGIO Kapitał (EUR) (AGIO SFIO),"321,37",EUR,"1,21","1,21","3,67","0,58","0,65","11,87",2016-03-23,0
AGIO Kapitał (USD) (AGIO SFIO),"359,61",USD,"2,10","2,10","4,19","3,03","6,17","-3,05",2016-03-23,0
AGIO Kapitał PLUS FIO,"118,39",PLN,"0,02","0,19","0,33","0,61","2,91","11,98",2016-03-23,3
AGIO Market Neutral FIZ,"979,28",PLN,"0,00","0,00","0,70","0,00","0,00","0,00",2016-03-23,0
AGIO Nieruchomości Komercyjnych FIZ AN,"1 062,94",PLN,"0,00","0,00","0,26","0,00","0,00","0,00",2016-03-23,0
AGIO Obligacji PLUS (AGIO PLUS FIO),"99,99",PLN,"-0,03","-0,01","-0,07","0,00","0,00","0,00",2016-03-23,0
AGIO Stabilny PLUS (AGIO PLUS FIO),"100,41",PLN,"0,15","0,32","0,36","0,00","0,00","0,00",2016-03-23,0
AGIO Wierzytelności NSFIZ,"270,66",PLN,"0,00","0,00","0,28","0,00","0,00","0,00",2016-03-23,0
AGIO Wierzytelności Plus 2 NSFIZ,"184 769,00",PLN,"0,00","0,00","0,43","0,00","0,00","0,00",2016-03-23,0
AGIO Wierzytelności Plus NSFIZ,"212,58",PLN,"0,00","0,00","0,55","0,00","0,00","0,00",2016-03-23,0
Akcyjny + FIZ,"84,94",PLN,"0,00","0,00","-0,07","0,00","0,00","0,00",2016-03-23,0
Alior Agresywny (Alior SFIO),"75,42",PLN,"-0,32","0,75","3,03","0,49","-13,23","-12,87",2016-03-23,1
Alior Papierów Dłużnych (Alior SFIO),"108,09",PLN,"-0,06","0,08","0,32","0,12","-1,91","0,00",2016-03-23,0
Alior Pieniężny (Alior SFIO),"100,22",PLN,"0,03","0,20","0,00","0,00","0,00","0,00",2016-03-23,0
Alior Stabilnych Spółek (Alior SFIO),"99,93",PLN,"-0,80","1,19","3,59","2,18","-16,26","-17,64",2016-03-23,1
Alior Zmiennej Alokacji (Alior SFIO),"69,57",PLN,"-0,67","0,43","2,64","-1,97","-16,65","-25,02",2016-03-23,4
Allianz Akcji (Allianz FIO),"133,30",PLN,"-0,77","1,08","3,73","1,72","-16,83","-17,04",2016-03-23,4
Allianz Akcji Azjatyckich (Allianz SFIO),"91,87",PLN,"-0,46","2,04","6,65","-1,59","0,00","0,00",2016-03-23,0
Allianz Akcji Globalnych (Allianz FIO),"106,56",PLN,"0,34","1,58","4,56","-2,07","-9,19","0,00",2016-03-23,3
Allianz Akcji Małych i Średnich Spółek (Allianz FIO),"117,62",PLN,"0,19","0,77","2,72","0,57","-9,34","14,55",2016-03-23,5
Allianz Aktywnej Alokacji (Allianz FIO),"102,84",PLN,"-0,27","0,38","1,26","-1,22","-9,84","-13,26",2016-03-23,0
Allianz Discovery FIZ seria A,"1 175,87",PLN,"0,00","0,00","0,79","-2,73","0,00","0,00",2016-03-23,0
Allianz Discovery FIZ seria B,"1 178,88",PLN,"0,00","0,00","-0,81","-2,91","0,00","0,00",2016-03-23,0
Allianz Globalny Stabilnego Dochodu (Allianz FIO),"103,26",PLN,"0,05","0,56","2,39","2,96","0,00","0,00",2016-03-23,0
Allianz Long-Short Strategy FIZ seria A,"310,92",PLN,"0,00","0,00","0,00","0,90","2,53","-4,08",2016-03-23,0
Allianz Long-Short Strategy FIZ seria B,"313,54",PLN,"0,00","0,00","0,00","1,09","0,00","0,00",2016-03-23,0
Allianz Nowa Energia FIZ,"908,22",PLN,"0,00","0,00","-1,88","0,00","0,00","0,00",2016-03-23,0
Allianz Obligacji Globalnych (Allianz FIO),"101,06",PLN,"0,02","0,38","1,95","0,58","-3,32","0,00",2016-03-23,0
Allianz Obligacji Korporacyjnych FIZ seria A,"1 130,32",PLN,"0,00","0,00","0,22","0,00","0,00","0,00",2016-03-23,1
Allianz Obligacji Korporacyjnych FIZ seria B,"1 130,59",PLN,"0,00","0,00","0,27","0,00","0,00","0,00",2016-03-23,1
Allianz Obligacji Korporacyjnych FIZ seria C,"1 160,02",PLN,"0,00","0,00","0,36","0,00","0,00","0,00",2016-03-23,2
Allianz Obligacji Plus (Allianz FIO),"159,63",PLN,"0,06","0,13","0,99","0,73","-0,95","0,00",2016-03-23,3
Allianz Obligacji Plus A1 (Allianz FIO),"160,57",PLN,"0,06","0,13","1,03","0,85","-0,45","0,00",2016-03-23,0
Allianz Obligacji Plus A2 (Allianz FIO),"160,57",PLN,"0,06","0,13","1,03","0,85","-0,45","0,00",2016-03-23,0
Allianz Pieniężny (Allianz FIO),"148,67",PLN,"0,01","0,03","0,24","0,83","0,37","6,38",2016-03-23,4
Allianz Polskich Obligacji Skarbowych (Allianz FIO),"137,65",PLN,"-0,06","-0,04","0,25","1,36","-0,81","8,12",2016-03-23,2
Allianz Selektywny (Allianz FIO),"86,27",PLN,"-0,79","0,92","3,28","0,34","-12,71","3,73",2016-03-23,4
Allianz Stabilnego Wzrostu (Allianz FIO),"124,36",PLN,"-0,25","0,37","1,46","0,88","-6,52","-2,84",2016-03-23,4
Allianz Surowców i Energii (Allianz FIO),"91,54",PLN,"-0,73","1,21","7,66","0,33","-11,39","0,00",2016-03-23,0
ALTUS Absolutnej Stopy Zwrotu Dłużny (FIO Parasolowy),"117,12",PLN,"0,03","0,23","0,84","4,58","2,05","13,00",2016-03-23,0
ALTUS Absolutnej Stopy Zwrotu FIZ GlobAl,"105,56",PLN,"0,00","0,00","0,07","0,00","0,00","0,00",2016-03-23,0
ALTUS Absolutnej Stopy Zwrotu FIZ Obligacji 1,"129,59",PLN,"0,00","0,00","0,59","0,00","0,00","0,00",2016-03-23,0
ALTUS Absolutnej Stopy Zwrotu FIZ Rynku Polskiego 2,"144,16",PLN,"0,00","0,00","0,90","0,00","0,00","0,00",2016-03-23,0
ALTUS Absolutnej Stopy Zwrotu Nowej Europy (FIO Parasolowy),"109,05",PLN,"-0,34","0,44","0,92","-0,02","0,34","0,00",2016-03-23,0
ALTUS Absolutnej Stopy Zwrotu Rynków Zagranicznych (ALTUS Absolutnej Stopy Zwrotu FIZ),"225,51",PLN,"0,00","0,00","0,71","0,00","0,00","0,00",2016-03-23,0
ALTUS Absolutnej Stopy Zwrotu Rynku Polskiego (ALTUS Absolutnej Stopy Zwrotu FIZ),"221,82",PLN,"0,00","0,00","0,86","0,00","0,00","0,00",2016-03-23,0
ALTUS Absolutnej Stopy Zwrotu Rynku Polskiego (FIO Parasolowy),"135,14",PLN,"0,25","0,66","0,91","0,20","0,72","10,96",2016-03-23,0
ALTUS Akcji (FIO Parasolowy),"143,37",PLN,"-0,39","0,91","2,94","-0,01","-7,65","13,05",2016-03-23,5
ALTUS Aktywnego Zarządzania (FIO Parasolowy),"110,79",PLN,"0,05","0,68","1,50","0,20","-2,98","0,00",2016-03-23,5
ALTUS FIZ Akcji +,"124,75",PLN,"0,00","0,00","1,07","0,00","0,00","0,00",2016-03-23,5
ALTUS FIZ Aktywnej Alokacji Spółek Dywidendowych,"125,33",PLN,"0,00","0,00","0,29","0,00","0,00","0,00",2016-03-23,0
ALTUS FIZ Aktywny Akcji,"103,66",PLN,"0,00","0,00","1,95","0,00","0,00","0,00",2016-03-23,5
ALTUS FIZ GlobAl 2,"108,05",PLN,"0,00","0,00","0,51","0,00","0,00","0,00",2016-03-23,0
ALTUS NSFIZ Wierzytelności,"218 343,00",PLN,"0,00","0,00","0,37","1,67","0,00","0,00",2016-03-23,0
ALTUS NSFIZ Wierzytelności 2,"199 860,00",PLN,"0,00","0,00","0,74","0,09","0,00","0,00",2016-03-23,0
ALTUS Optymalnego Wzrostu (FIO Parasolowy),"109,74",PLN,"-0,04","0,26","0,74","-0,39","0,12","0,00",2016-03-23,0
ALTUS Pieniężny (FIO Parasolowy),"106,35",PLN,"0,02","0,11","0,41","1,47","1,61","0,00",2016-03-23,4
ALTUS Short (FIO Parasolowy),"108,98",PLN,"1,70","-1,05","-3,68","-1,77","14,74","19,56",2016-03-23,0
ALTUS Stabilnego Wzrostu (FIO Parasolowy),"118,14",PLN,"0,03","0,61","1,66","0,43","-1,86","0,00",2016-03-23,5
Amundi Akcji Małych i Średnich Spółek (Amundi Parasolowy FIO),"103,64",PLN,"0,36","0,99","2,87","-0,51","-5,84","0,00",2016-03-23,5
Amundi Akcyjny (Amundi Parasolowy FIO),"88,08",PLN,"-0,38","0,48","3,48","-1,02","-14,91","0,00",2016-03-23,3
Amundi Globalnych Perspektyw (Amundi Parasolowy FIO),"100,27",PLN,"-0,03","0,33","1,61","0,00","0,00","0,00",2016-03-23,0
Amundi Obligacji (Amundi Parasolowy FIO),"106,56",PLN,"0,00","0,09","0,97","0,19","-2,84","0,00",2016-03-23,3
Amundi Płynnościowy (Amundi Parasolowy FIO),"104,03",PLN,"0,00","0,03","0,10","0,56","1,57","0,00",2016-03-23,1
Amundi Stabilnego Wzrostu (Amundi Parasolowy FIO),"101,46",PLN,"-0,10","0,20","1,12","-0,77","-6,08","0,00",2016-03-23,5
Amundi Zrównoważony (Amundi Parasolowy FIO),"97,19",PLN,"-0,17","0,33","2,04","-1,23","-8,79","0,00",2016-03-23,4
Andromeda FIZ seria A,"1 189,46",PLN,"0,00","0,00","0,00","0,00","0,00","0,00",2016-03-23,0
Andromeda FIZ seria B,"1 091,43",PLN,"0,00","0,00","0,00","0,00","0,00","0,00",2016-03-23,0
Arka BZ WBK Akcji Polskich (Arka BZ WBK FIO),"29,99",PLN,"-0,73","0,40","2,88","0,17","-15,19","-6,63",2016-03-23,5
Arka BZ WBK Akcji Środkowej i Wschodniej Europy (Arka BZ WBK FIO),"36,65",PLN,"-0,95","-1,16","3,15","0,25","-15,22","-19,04",2016-03-23,5
Arka BZ WBK Akcji Środkowej i Wschodniej Europy (EUR) (Arka BZ WBK FIO),"8,62",EUR,"-0,81","-0,12","5,87","0,07","-17,70","-20,32",2016-03-23,0
Arka BZ WBK Akcji Środkowej i Wschodniej Europy FIZ,"94,19",PLN,"-0,90","-0,88","4,13","0,00","0,00","0,00",2016-03-23,3
Arka BZ WBK Akcji Tureckich (Arka BZ WBK FIO),"38,60",PLN,"-1,08","-0,64","2,69","5,26","-13,84","-25,63",2016-03-23,0
Arka BZ WBK Akcji Tureckich (EUR) (Arka BZ WBK FIO),"9,08",EUR,"-0,94","0,40","5,40","5,08","-16,36","-26,80",2016-03-23,0
Arka BZ WBK Gotówkowy (Arka BZ WBK FIO),"29,16",PLN,"0,00","0,03","0,07","0,62","1,11","5,73",2016-03-23,2
Arka BZ WBK Obligacji Europejskich (Arka BZ WBK FIO),"78,82",PLN,"-0,15","-0,99","-2,17","0,43","1,78","6,27",2016-03-23,0
Arka BZ WBK Obligacji Europejskich (EUR) (Arka BZ WBK FIO),"18,53",EUR,"-0,02","0,05","0,41","0,26","-1,20","4,59",2016-03-23,0
Arka BZ WBK Obligacji Korporacyjnych (Arka BZ WBK FIO),"59,02",PLN,"-0,02","0,10","0,68","0,55","0,65","8,85",2016-03-23,4
Arka BZ WBK Obligacji Skarbowych (Arka BZ WBK FIO),"21,09",PLN,"-0,05","0,05","0,24","1,30","-0,57","9,33",2016-03-23,2
Arka BZ WBK Stabilnego Wzrostu (Arka BZ WBK FIO),"29,63",PLN,"-0,27","0,17","1,23","0,58","-6,26","3,02",2016-03-23,5
Arka BZ WBK Zrównoważony (Arka BZ WBK FIO),"27,82",PLN,"-0,47","0,14","1,98","0,22","-9,82","1,13",2016-03-23,1
Arka Platinum Dynamiczny (Arka BZ WBK FIO),"37,86",PLN,"-0,13","-0,42","0,93","-3,32","-8,86","0,00",2016-03-23,0
Arka Platinum Dynamiczny (EUR) (Arka BZ WBK FIO),"8,90",EUR,"0,00","0,63","3,60","-3,49","-11,53","0,00",2016-03-23,0
Arka Platinum Dynamiczny (USD) (Arka BZ WBK FIO),"9,96",USD,"-0,15","1,51","5,34","-1,13","-8,45","0,00",2016-03-23,0
Arka Platinum Konserwatywny (Arka BZ WBK FIO),"61,83",PLN,"-0,03","0,03","0,45","0,23","-1,98","0,00",2016-03-23,4
Arka Platinum Stabilny (Arka BZ WBK FIO),"59,43",PLN,"-0,10","-0,18","0,59","-1,48","-5,14","0,00",2016-03-23,0
Arka Platinum Stabilny (EUR) (Arka BZ WBK FIO),"13,97",EUR,"0,03","0,86","3,25","-1,64","-7,92","0,00",2016-03-23,0
Arka Platinum Stabilny (USD) (Arka BZ WBK FIO),"15,64",USD,"-0,11","1,76","4,99","0,76","-4,72","0,00",2016-03-23,0
Arka Prestiż Akcji Europejskich (Arka Prestiż SFIO),"1 053,38",PLN,"0,09","0,21","5,56","0,00","0,00","0,00",2016-03-23,0
Arka Prestiż Akcji Polskich (Arka Prestiż SFIO),"1 167,78",PLN,"-0,46","0,22","3,75","0,37","-7,04","17,12",2016-03-23,4
Arka Prestiż Akcji Środkowej i Wschodniej Europy (Arka Prestiż SFIO),"969,91",PLN,"-1,20","-1,39","3,10","0,69","-6,76","-11,60",2016-03-23,3
Arka Prestiż Europejskich Spółek Dywidendowych (Arka Prestiż SFIO),"1 014,05",PLN,"-0,25","-0,37","1,62","0,00","0,00","0,00",2016-03-23,0
Arka Prestiż Gotówkowy (Arka Prestiż SFIO),"1 041,66",PLN,"0,00","0,01","0,08","0,75","1,06","0,00",2016-03-23,2
Arka Prestiż Obligacji Korporacyjnych (Arka Prestiż SFIO),"1 256,01",PLN,"-0,02","0,11","0,72","0,55","0,88","10,25",2016-03-23,3
Arka Prestiż Obligacji Skarbowych (Arka Prestiż SFIO),"1 333,29",PLN,"-0,06","0,13","0,33","1,53","-0,47","10,82",2016-03-23,4
Aviva Investors Akcji Europy Wschodzącej (Aviva Investors FIO),"86,19",PLN,"-0,84","0,17","3,23","0,64","-12,08","-29,62",2016-03-23,2
Aviva Investors Akcji Rynków Wschodzących (Aviva Investors FIO),"108,84",PLN,"-0,52","0,39","1,66","0,88","-10,71","-2,14",2016-03-23,5
Aviva Investors Aktywnej Alokacji (Aviva Investors FIO),"111,31",PLN,"-0,22","-0,08","3,77","-2,90","-7,77","18,14",2016-03-23,0
Aviva Investors Depozyt Plus (Aviva Investors FIO),"175,59",PLN,"-0,02","0,00","0,07","0,64","0,37","3,91",2016-03-23,5
Aviva Investors Dłużnych Papierów Korporacyjnych (Aviva Investors FIO),"122,59",PLN,"0,02","0,18","0,87","0,47","1,36","10,19",2016-03-23,3
Aviva Investors Małych Spółek (Aviva Investors FIO),"155,20",PLN,"0,08","1,13","3,40","-0,08","-2,37","7,04",2016-03-23,5
Aviva Investors Nowoczesnych Technologii (Aviva Investors FIO),"137,83",PLN,"-0,02","0,36","2,71","-0,66","-4,48","19,08",2016-03-23,0
Aviva Investors Nowych Spółek (Aviva Investors FIO),"155,24",PLN,"0,01","0,67","3,20","-0,79","-7,56","8,91",2016-03-23,5
Aviva Investors Obligacji (Aviva Investors FIO),"227,33",PLN,"-0,18","-0,02","0,19","1,57","0,58","7,83",2016-03-23,5
Aviva Investors Obligacji Dynamiczny (Aviva Investors FIO),"142,05",PLN,"-0,09","0,30","0,83","2,56","2,39","20,85",2016-03-23,5
Aviva Investors Obligacji Zamiennych (Aviva Investors FIO),"99,20",PLN,"-0,05","0,37","2,16","-1,34","-2,80","0,00",2016-03-23,4
Aviva Investors Ochrony Kapitału Plus (Aviva Investors FIO),"170,64",PLN,"-0,13","0,12","0,74","0,66","-0,46","2,05",2016-03-23,1
Aviva Investors Optymalnego Wzrostu (Aviva Investors FIO),"107,38",PLN,"-0,68","0,44","-0,20","-3,51","-14,93","-8,16",2016-03-23,0
Aviva Investors Polskich Akcji (Aviva Investors FIO),"408,47",PLN,"-0,13","0,66","3,25","1,16","-11,64","3,74",2016-03-23,5
Aviva Investors Spółek Dywidendowych (Aviva Investors SFIO),"118,08",PLN,"-0,46","1,21","3,72","4,08","-8,96","0,00",2016-03-23,5
Aviva Investors Stabilnego Inwestowania (Aviva Investors FIO),"265,95",PLN,"-0,12","0,16","1,04","0,97","-4,22","6,47",2016-03-23,5
Aviva Investors Zrównoważony (Aviva Investors FIO),"116,64",PLN,"-0,14","0,34","1,53","0,98","-7,19","5,09",2016-03-23,3
Aviva Oszczędnościowy (Aviva SFIO),"97,46",PLN,"-0,20","-0,97","-1,51","-1,85","0,00","0,00",2016-03-23,0
AXA Akcji (AXA FIO),"98,62",PLN,"-0,73","0,81","2,03","-3,10","-18,79","-6,05",2016-03-23,4
AXA Akcji Dużych Spółek (AXA FIO),"103,07",PLN,"-0,76","0,72","2,42","-0,60","-15,70","-2,81",2016-03-23,4
AXA Akcji Małych i Średnich Spółek (AXA FIO),"102,15",PLN,"0,31","0,16","0,41","-2,04","-9,80","0,00",2016-03-23,5
AXA Akcji Spółek Dywidendowych (AXA FIO),"93,75",PLN,"-1,52","-0,05","1,82","-0,93","-15,81","0,00",2016-03-23,3
AXA FIZ Globalnych Akcji,"934,64",PLN,"3,84","3,84","0,21","0,00","0,00","0,00",2016-03-23,0
AXA FIZ Globalnych Obligacji,"1 141,41",PLN,"1,30","1,30","1,27","0,00","0,00","0,00",2016-03-23,0
AXA Lokacyjny (AXA FIO),"119,26",PLN,"-0,01","0,06","0,29","0,79","1,33","6,67",2016-03-23,3
AXA Makro Alokacji (AXA FIO),"101,35",PLN,"-0,54","0,08","0,76","-1,89","-14,20","-6,83",2016-03-23,4
AXA Obligacji (AXA FIO),"131,40",PLN,"-0,10","0,07","0,18","1,08","0,02","10,15",2016-03-23,3
AXA Obligacji Korporacyjnych (AXA FIO),"125,69",PLN,"-0,02","0,21","0,72","0,51","-0,03","7,37",2016-03-23,1
AXA Selective Equity (AXA FIO),"118,22",PLN,"-0,18","-1,10","-0,61","-6,60","-20,90","4,90",2016-03-23,5
AXA Selective Equity F (AXA FIO),"120,35",PLN,"0,10","-0,28","2,03","0,00","0,00","0,00",2016-03-17,0
AXA Stabilnego Wzrostu (AXA FIO),"112,20",PLN,"-0,31","0,21","0,64","-1,21","-8,95","-0,56",2016-03-23,4
BGŻ Dynamiczny (BGŻ SFIO),"97,13",PLN,"-0,08","0,52","2,00","0,06","-8,24","0,00",2016-03-23,4
BGŻ Konserwatywny (BGŻ SFIO),"104,64",PLN,"-0,01","0,04","0,37","1,01","-0,29","0,00",2016-03-23,0
BGŻ Stabilny (BGŻ SFIO),"101,72",PLN,"-0,02","0,06","0,70","0,51","-3,18","0,00",2016-03-23,3
BGŻ Zrównoważony (BGŻ SFIO),"101,10",PLN,"-0,08","0,23","1,31","0,77","-5,06","0,00",2016-03-23,4
BNP Paribas Akcji (BNP Paribas FIO),"124,70",PLN,"-0,63","0,95","3,01","0,85","-11,48","7,77",2016-03-23,1
BNP Paribas Papierów Dłużnych (BNP Paribas FIO),"124,56",PLN,"-0,08","0,18","0,31","1,28","0,78","9,78",2016-03-23,1
BNP Paribas Stabilnego Wzrostu (BNP Paribas FIO),"137,83",PLN,"-0,25","0,39","1,11","1,12","-4,29","6,66",2016-03-23,1
Bonus Wierzytelności DTP NSFIZ,"200 082,00",PLN,"0,00","0,00","0,01","0,00","0,00","0,00",2016-03-23,0
BPH Akcji (BPH FIO Parasolowy),"277,42",PLN,"-0,64","1,42","4,54","3,01","-11,23","0,27",2016-03-23,4
BPH Akcji Dynamicznych Spółek (BPH FIO Parasolowy),"49,41",PLN,"0,22","1,21","2,74","-0,68","-4,47","18,49",2016-03-23,4
BPH Akcji Dynamicznych Spółek (USD) (BPH FIO Parasolowy),"13,00",USD,"0,23","3,17","7,26","1,56","-4,06","0,85",2016-03-23,0
BPH Akcji Europy Wschodzącej (BPH FIO Parasolowy),"56,89",PLN,"-0,70","0,82","4,54","2,82","-5,61","-15,05",2016-03-23,0
BPH Akcji Europy Wschodzącej (EUR) (BPH FIO Parasolowy),"13,38",EUR,"-0,52","1,90","7,30","2,69","-8,36","-16,38",2016-03-23,0
BPH Akcji Globalny (BPH FIO Parasolowy),"166,88",PLN,"-0,78","0,52","3,79","-1,90","-7,36","16,85",2016-03-23,5
BPH Bezpieczna Inwestycja 1 FIZ,"175,70",PLN,"0,00","0,00","-0,05","0,00","0,00","0,00",2016-03-23,0
BPH Bezpieczna Inwestycja 2 FIZ,"147,98",PLN,"0,00","0,00","0,00","0,00","0,00","0,00",2016-03-23,0
BPH Bezpieczna Inwestycja 3 FIZ,"131,69",PLN,"0,00","0,00","0,20","0,00","0,00","0,00",2016-03-23,0
BPH Bezpieczna Inwestycja 4 FIZ,"120,67",PLN,"0,00","0,00","0,22","0,00","0,00","0,00",2016-03-23,0
BPH Bezpieczna Inwestycja 5 FIZ,"121,80",PLN,"0,00","0,00","0,21","0,00","0,00","0,00",2016-03-23,0
BPH Bezpieczna Inwestycja 6 FIZ,"113,09",PLN,"0,00","0,00","0,18","0,00","0,00","0,00",2016-03-23,0
BPH Dochodowych Surowców FIZ,"114,90",PLN,"0,00","0,00","0,12","0,00","0,00","0,00",2016-03-23,0
BPH Dywidendowy (BPH FIO Parasolowy),"107,50",PLN,"-0,51","0,40","5,17","0,00","0,00","0,00",2016-03-23,0
BPH FIO Strategii Akcyjnej,"1 081,57",PLN,"0,18","1,11","2,91","1,11","2,59","4,06",2016-03-23,0
BPH FIZ Multi Inwestycja,"93,21",PLN,"1,14","1,14","3,19","0,81","0,00","0,00",2016-03-23,0
BPH Globalny Żywności i Surowców (BPH FIO Parasolowy),"87,70",PLN,"-1,46","0,16","5,80","1,43","-16,51","-37,70",2016-03-23,0
BPH Korzystnego Kursu FIZ,"114,66",PLN,"0,00","0,00","-0,10","0,00","0,00","0,00",2016-03-23,0
BPH Obligacji 1 (BPH FIO Parasolowy),"283,73",PLN,"-0,04","0,18","0,35","1,30","1,25","8,76",2016-03-23,4
BPH Obligacji 2 (BPH FIO Parasolowy),"3 378,04",PLN,"-0,04","0,18","0,35","1,30","0,72","13,64",2016-03-23,3
BPH Obligacji Korporacyjnych (BPH FIO Parasolowy),"13,73",PLN,"0,00","0,07","0,37","0,66","1,85","0,00",2016-03-23,4
BPH Obligacji Korporacyjnych (USD) (BPH FIO Parasolowy),"3,61",USD,"0,00","1,98","4,64","2,85","2,27","0,00",2016-03-23,0
BPH Pieniężny (BPH FIO Parasolowy),"103,82",PLN,"0,00","0,07","0,21","0,65","1,30","0,00",2016-03-23,5
BPH Selektywny (BPH FIO Parasolowy),"148,25",PLN,"0,09","1,04","2,00","0,90","2,45","15,76",2016-03-23,0
BPH Skarbowy (BPH FIO Parasolowy),"34,69",PLN,"0,00","0,06","0,14","0,52","0,52","4,90",2016-03-23,1
BPH Stabilnego Wzrostu (BPH FIO Parasolowy),"16,83",PLN,"-0,24","0,66","1,88","1,81","-3,83","4,53",2016-03-23,2
BPH Superior Akcji (BPH Superior FIO),"98,55",PLN,"-0,63","1,54","4,96","4,04","0,00","0,00",2016-03-23,0
BPH Superior Obligacji (BPH Superior FIO),"104,23",PLN,"-0,06","0,14","0,35","1,99","0,00","0,00",2016-03-23,0
BPH Superior Pieniężny (BPH Superior FIO),"101,52",PLN,"0,00","0,03","0,14","0,77","0,00","0,00",2016-03-23,0
BPH Superior Selektywny (BPH Superior FIO),"107,29",PLN,"0,09","1,19","2,46","1,35","0,00","0,00",2016-03-23,0
BPH Zrównoważony (BPH FIO Parasolowy),"2,09",PLN,"-0,48","0,97","2,96","1,95","-7,52","0,00",2016-03-23,2
BPS Akcji (BPS FIO),"92,51",PLN,"-1,73","0,02","4,25","1,30","-11,59","2,87",2016-03-24,4
BPS Obligacji (BPS FIO),"132,73",PLN,"0,09","-0,02","0,34","1,65","0,47","14,47",2016-03-24,4
BPS Obligacji Korporacyjnych (BPS SFIO),"1 104,06",PLN,"0,02","0,04","0,20","0,25","2,26","0,00",2016-03-24,5
BPS Pieniężny (BPS FIO),"128,87",PLN,"0,02","0,07","0,57","0,73","1,34","0,00",2016-03-24,4
BPS Płynnościowy (BPS SFIO),"1 089,22",PLN,"0,03","0,06","0,39","0,50","1,96","0,00",2016-03-24,5
BPS Stabilnego Wzrostu (BPS FIO),"109,95",PLN,"-0,57","0,05","1,77","1,89","-5,30","3,61",2016-03-24,4
Caspar Akcji Polskich (Caspar Parasolowy FIO),"124,45",PLN,"-0,09","0,92","6,54","2,82","-10,05","9,54",2016-03-23,5
Caspar Akcji Środkowej i Wschodniej Europy (Caspar Parasolowy FIO),"115,63",PLN,"-0,22","-0,65","0,89","-5,22","0,00","0,00",2016-03-23,0
Caspar Akcji Tureckich (Caspar Parasolowy FIO),"95,08",PLN,"-1,58","-0,67","0,33","4,17","-2,93","-9,77",2016-03-23,0
Caspar Globalny (Caspar Parasolowy FIO),"91,40",PLN,"-0,51","-0,74","1,03","-7,89","0,00","0,00",2016-03-23,0
Caspar Ochrony Kapitału (Caspar Parasolowy FIO),"104,68",PLN,"0,01","0,03","0,13","0,74","1,27","0,00",2016-03-23,4
Conerga greenENERGY FIZ AN,"127,79",PLN,"0,00","0,00","0,00","0,00","0,00","0,00",2016-03-23,0
Copernicus Akcji (Copernicus FIO),"114,77",PLN,"-0,06","2,03","6,81","0,21","-5,20","25,62",2016-03-23,1
Copernicus Dłużny Skarbowy Plus (Copernicus FIO),"116,76",PLN,"-0,07","0,10","0,25","1,00","-2,33","13,55",2016-03-23,3
Copernicus Spółek Wzrostowych (Copernicus FIO),"161,20",PLN,"-0,71","1,08","5,29","2,18","-5,76","32,76",2016-03-23,5
CORUM Absolute Return FIZ,"13 418,10",PLN,"0,00","0,00","2,77","-10,11","10,63","21,99",2016-03-23,0
CORUM Opportunity Absolute Return FIZ,"15 241,80",PLN,"0,00","0,00","3,67","3,65","26,44","45,90",2016-03-23,0
CP Absolute Return (CP FIZ),"123,23",PLN,"0,00","0,00","0,00","0,00","0,00","0,00",2016-03-23,0
CP Private Equity (CP FIZ),"131,28",PLN,"0,00","0,00","0,00","0,00","0,00","0,00",2016-03-23,0
Credit Agricole Akcji Nowej Europy (Credit Agricole FIO),"77,63",PLN,"-1,07","-1,76","3,05","-1,61","-13,95","-22,86",2016-03-23,3
Credit Agricole Akcyjny (Credit Agricole FIO),"97,86",PLN,"-0,50","-0,15","3,14","0,08","-8,72","9,66",2016-03-23,5
Credit Agricole Dynamiczny Polski (Credit Agricole FIO),"160,21",PLN,"-0,42","0,13","2,27","0,58","-7,21","5,36",2016-03-23,5
Credit Agricole Lokacyjny (Credit Agricole FIO),"128,59",PLN,"-0,02","-0,01","0,02","0,39","0,10","3,19",2016-03-23,1
Credit Agricole Stabilnego Wzrostu (Credit Agricole FIO),"225,07",PLN,"-0,16","0,01","1,24","0,60","-3,10","11,31",2016-03-23,3
DB Fund Dynamiczny (DB Funds FIO),"12,46",PLN,"0,08","1,05","3,92","0,97","-6,25","12,15",2016-03-23,3
DB Fund Globalny Zrównoważony (DB Funds FIO),"11,48",PLN,"0,00","-0,69","-0,43","0,26","-0,26","10,28",2016-03-23,0
DB Fund Instrumentów Dłużnych (DB Funds FIO),"11,52",PLN,"0,00","0,00","0,17","0,52","-0,09","7,26",2016-03-23,3
Distressed Assets FIZ AN,"1 255,25",PLN,"0,00","0,00","0,00","0,00","0,00","0,00",2016-03-23,0
Eques Akcji (Eques SFIO),"14,05",PLN,"-0,92","1,37","4,38","5,40","-2,23","17,28",2016-03-23,3
Eques Aktywnej Alokacji (Eques SFIO),"10,32",PLN,"-1,24","0,88","1,67","-0,58","-10,26","-7,36",2016-03-23,3
Eques Creditum FIZ NFS,"190 140,00",PLN,"0,43","0,43","1,01","0,00","0,00","0,00",2016-03-23,0
Eques Debitum 2 FIZ NFS,"1 261,15",PLN,"0,00","0,00","0,43","0,00","0,00","0,00",2016-03-23,0
Eques Debitum FIZ NFS,"286 266,00",PLN,"0,00","0,00","0,54","0,00","0,00","0,00",2016-03-23,0
Eques Fotovoltaica FIZ,"993,24",PLN,"0,00","0,00","0,00","0,00","0,00","0,00",2016-03-23,0
Eques Obligacji (Eques SFIO),"11,82",PLN,"0,00","0,08","0,25","1,03","0,85","11,83",2016-03-23,3
Eques Pieniężny (Eques SFIO),"11,65",PLN,"0,00","0,09","0,26","0,43","2,55","10,95",2016-03-23,2
Eques Total Return FIZ,"892,21",PLN,"0,00","0,00","0,00","0,00","0,00","0,00",2016-03-23,0
Eurogeddon (Opera SFIO),"6,07",PLN,"-0,49","-0,49","-8,45","3,94","20,20","-30,47",2016-03-23,0
FIAR Fixed Income Absolute Return FIZ,"1 028,05",PLN,"0,00","0,00","0,90","2,80","0,00","0,00",2016-03-23,0
First Private Equity FIZ AN,"1 454,70",PLN,"0,00","0,00","0,00","0,00","0,00","0,00",2016-03-23,0
FIZ AN Deweloperski Nieruchomości Komercyjnych SATUS,"670,35",PLN,"0,00","0,00","-0,17","0,00","0,00","0,00",2016-03-23,0
FIZ BDM Obligo,"1 045,15",PLN,"0,00","0,00","0,00","0,00","0,00","0,00",2016-03-23,0
FIZ Nieruchomości Dywidendowych,"100,07",PLN,"0,00","0,00","1,29","0,15","0,00","0,00",2016-03-23,0
Franklin Elastycznego Dochodu (FT FIO),"100,57",PLN,"-0,03","-0,03","0,00","0,00","0,00","0,00",2016-03-22,0
Franklin Zmiennej Alokacji (FT FIO),"100,55",PLN,"0,02","0,24","0,00","0,00","0,00","0,00",2016-03-22,0
Fundusz Własności Pracowniczej PKP SFIO,"343,00",PLN,"-0,21","0,22","1,11","3,78","53,66","341,95",2016-03-23,0
Global Bond FIZ,"103,11",PLN,"0,00","0,00","0,16","0,00","0,00","0,00",2016-03-23,0
Globalny Fundusz Medyczny FIZ,"89,27",PLN,"0,00","0,00","2,32","0,00","0,00","0,00",2016-03-23,0
GO FUND Property FIZ,"1,04",PLN,"0,00","0,00","0,00","1,58","2,78","0,00",2016-03-23,0
HFT Akcji Amerykańskich FIZ,"116,15",PLN,"0,00","0,00","0,11","5,70","0,00","0,00",2016-03-23,0
HFT Algorytmiczny FIZ,"112,79",PLN,"0,00","0,00","0,00","3,02","0,00","0,00",2016-03-23,0
HFT Global Invest FIZ,"114,38",PLN,"0,00","0,00","0,04","6,88","0,00","0,00",2016-03-23,0
ING BSK Indeks MSCI EMU (ING BSK Fundusze Indeksowe SFIO),"89,64",PLN,"-0,07","-0,06","5,41","-6,61","0,00","0,00",2016-03-24,0
ING BSK Indeks S&P; 500 (ING BSK Fundusze Indeksowe SFIO),"97,23",PLN,"-0,62","0,41","5,75","-1,75","0,00","0,00",2016-03-24,0
ING BSK Indeks WIG 20 (ING BSK Fundusze Indeksowe SFIO),"96,83",PLN,"-1,41","1,51","4,69","2,27","0,00","0,00",2016-03-24,0
ING Pakiet Dynamiczny (ING Konto Funduszowe SFIO),"93,36",PLN,"0,04","0,77","2,92","-0,18","-7,72","0,00",2016-03-23,0
ING Pakiet Ostrożny (ING Konto Funduszowe SFIO),"100,27",PLN,"-0,02","0,15","0,68","0,91","0,14","0,00",2016-03-23,4
ING Pakiet Umiarkowany (ING Konto Funduszowe SFIO),"95,39",PLN,"-0,02","0,40","1,79","-0,44","-5,56","0,00",2016-03-23,0
Insignis FIZ,"1 094,13",PLN,"0,00","0,00","2,65","0,00","0,00","0,00",2016-03-23,0
InValue FIZ,"90,17",PLN,"0,00","0,00","0,79","-10,43","0,00","0,00",2016-03-23,0
Investor Absolute Return FIZ,"11 726,50",PLN,"0,00","0,00","0,51","0,00","0,00","0,00",2016-03-23,0
Investor Akcji (Investor FIO),"205,60",PLN,"0,57","0,44","3,11","-2,24","-10,66","29,44",2016-03-23,3
Investor Akcji Dużych Spółek Dywidendowych (Investor FIO),"333,22",PLN,"-0,95","0,14","2,85","-2,72","-16,95","-5,51",2016-03-23,5
Investor Akcji Rynków Wschodzących (Investor SFIO),"77,71",PLN,"-1,26","2,68","7,62","0,77","0,00","0,00",2016-03-23,0
Investor Akcji Spółek Wzrostowych (Investor SFIO),"88,77",PLN,"0,93","1,27","4,84","-4,15","-11,23","0,00",2016-03-23,0
Investor Ameryka Łacińska (Investor SFIO),"131,67",PLN,"0,48","3,46","11,01","13,32","-11,76","-25,94",2016-03-23,0
Investor BRIC (Investor SFIO),"61,30",PLN,"-0,23","2,06","8,23","-2,51","-17,33","-6,74",2016-03-23,0
Investor CEE FIZ,"411,03",PLN,"0,00","0,00","1,02","0,00","0,00","0,00",2016-03-23,1
Investor FIZ,"907,76",PLN,"0,00","0,00","0,54","0,00","0,00","0,00",2016-03-23,0
Investor Globalny Akcji (Investor SFIO),"87,59",PLN,"-0,50","0,59","4,71","-3,54","0,00","0,00",2016-03-23,0
Investor Gold FIZ,"1 573,35",PLN,"0,00","0,00","10,97","0,00","0,00","0,00",2016-03-23,0
Investor Gold Otwarty (Investor SFIO),"145,63",PLN,"-0,22","-0,08","1,48","13,30","-1,81","-24,45",2016-03-23,0
Investor Gotówkowy (Investor SFIO),"129,57",PLN,"0,01","0,02","0,09","0,67","0,47","5,08",2016-03-23,5
Investor Indie i Chiny (Investor SFIO),"186,30",PLN,"-0,44","1,22","3,16","-8,01","-16,12","9,82",2016-03-23,0
Investor Niemcy (Investor SFIO),"179,86",PLN,"-0,38","-0,61","0,00","0,00","0,00","0,00",2016-03-23,0
Investor Obligacji (Investor FIO),"311,72",PLN,"-0,05","0,14","0,22","1,41","1,13","9,93",2016-03-23,0
Investor Obligacji Korporacyjnych (Investor SFIO),"99,32",PLN,"0,04","0,26","0,71","0,21","0,00","0,00",2016-03-23,0
Investor Obligacji Rynków Wschodzących Plus (Investor SFIO),"98,23",PLN,"-0,18","0,18","0,23","1,34","0,00","0,00",2016-03-23,0
Investor Property FIZ AN,"872,86",PLN,"0,00","0,00","0,00","0,00","0,00","0,00",2016-03-23,0
Investor Płynna Lokata (Investor FIO),"235,83",PLN,"0,00","0,11","0,30","0,79","1,09","7,26",2016-03-23,2
Investor Rosja (Investor SFIO),"112,45",PLN,"-0,34","3,09","9,63","7,47","-3,14","-25,29",2016-03-23,0
Investor Sektora Infrastruktury i Informatyki (Investor SFIO),"73,94",PLN,"0,46","1,59","4,33","-0,47","-8,33","34,85",2016-03-23,0
Investor Sektora Nieruchomości i Budownictwa (Investor SFIO),"75,51",PLN,"-0,25","-0,40","2,53","0,98","-3,56","23,83",2016-03-23,0
Investor Top 25 Małych Spółek (Investor FIO),"221,47",PLN,"0,23","0,02","1,69","-0,52","-10,32","20,44",2016-03-23,0
Investor Top 50 Małych i Średnich Spółek (Investor FIO),"46,08",PLN,"-0,39","0,35","3,74","2,58","-8,12","3,81",2016-03-23,1
Investor Turcja (Investor SFIO),"174,36",PLN,"-0,94","1,38","5,14","6,49","-13,42","-24,43",2016-03-23,0
Investor Zabezpieczenia Emerytalnego (Investor FIO),"27,74",PLN,"0,07","0,11","1,24","-0,11","-3,68","19,00",2016-03-23,4
Investor Zrównoważony (Investor FIO),"412,94",PLN,"0,21","0,12","1,84","-1,32","-6,61","27,46",2016-03-23,4
InWarren FIZ,"1 002,46",PLN,"0,00","0,00","0,09","0,20","0,00","0,00",2016-03-23,0
Ipopema Akcji (Ipopema SFIO),"121,73",PLN,"-0,41","1,28","4,18","1,57","-10,85","-2,94",2016-03-23,4
Ipopema Dłużny (Ipopema SFIO),"106,39",PLN,"-0,07","0,21","0,56","2,73","0,00","0,00",2016-03-23,0
Ipopema Global Bonds FIZ,"109,12",PLN,"0,00","0,00","0,92","1,83","0,00","0,00",2016-03-23,0
Ipopema Global Macro FIZ,"111,41",PLN,"0,00","0,00","0,44","-2,64","-2,30","7,19",2016-03-23,0
Ipopema Globalnych Megatrendów (Ipopema SFIO),"98,74",PLN,"0,22","1,26","5,51","-4,78","0,00","0,00",2016-03-23,0
Ipopema Gotówkowy (Ipopema SFIO),"109,50",PLN,"-0,01","0,05","0,09","0,49","1,42","7,97",2016-03-23,4
Ipopema m-INDEKS (Ipopema SFIO),"96,03",PLN,"-0,03","0,44","1,85","0,38","-5,45","0,00",2016-03-23,0
Ipopema m-INDEKS B (Ipopema SFIO),"95,52",PLN,"-0,04","0,42","1,80","0,25","-5,93","0,00",2016-03-23,0
Ipopema m-INDEKS FIO kategoria A,"139,32",PLN,"0,08","0,48","1,80","-0,05","-6,77","34,19",2016-03-23,5
Ipopema Makro Alokacji (Ipopema SFIO),"120,17",PLN,"0,12","0,13","1,22","-0,74","-3,54","3,74",2016-03-23,0
Ipopema Małych i Średnich Spółek (Ipopema SFIO),"143,44",PLN,"0,45","1,25","4,49","-0,26","-3,80","24,00",2016-03-23,3
Ipopema MegaTrends FIZ,"91,00",PLN,"0,00","0,00","-2,16","-12,16","0,00","0,00",2016-03-23,2
Ipopema Obligacji (Ipopema SFIO),"125,37",PLN,"-0,07","0,11","0,31","1,73","3,02","12,13",2016-03-23,2
Ipopema Opportunity FIZ,"9 091,47",PLN,"0,00","0,00","1,21","-0,61","0,00","0,00",2016-03-23,0
Ipopema Short Equity (Ipopema SFIO),"114,33",PLN,"1,78","-1,47","-4,38","-3,06","16,84","4,54",2016-03-23,0
JPMorgan - Emerging Markets Opportunities Fund Polska (Skarbiec - JPM AM Funds Polska SFIO),"97,77",PLN,"-0,63","1,88","4,71","-3,35","-18,30","0,00",2016-03-23,5
JPMorgan - Global High Yield Bond Fund Polska (Skarbiec - JPM AM Funds Polska SFIO),"102,23",PLN,"0,00","1,16","5,42","3,45","-3,24","0,00",2016-03-23,0
JPMorgan - Global Strategic Bond Fund Polska (Skarbiec - JPM AM Funds Polska SFIO),"103,52",PLN,"-0,06","0,39","1,83","0,80","-1,07","0,00",2016-03-23,0
JPMorgan - Highbridge US STEEP Fund Polska (Skarbiec - JPM AM Funds Polska SFIO),"103,80",PLN,"-0,70","0,97","7,98","-1,04","-13,37","0,00",2016-03-23,3
KBC Akcji Małych i Średnich Spółek (KBC FIO),"77,09",PLN,"0,10","1,06","1,21","-2,98","-9,41","26,98",2016-03-23,3
KBC Akcyjny (KBC FIO),"79,14",PLN,"-0,52","1,05","2,14","-2,09","-15,25","2,98",2016-03-23,3
KBC Aktywny (KBC FIO),"193,82",PLN,"-0,30","0,54","1,18","-1,03","-9,85","3,28",2016-03-23,2
KBC Alfa SFIO,"2,76",PLN,"0,36","0,36","0,73","1,10","2,60","12,65",2016-03-23,5
KBC Alokacji Sektorowych FIZ,"97,06",PLN,"0,00","0,00","-1,74","0,00","0,00","0,00",2016-03-23,0
KBC Beta Dywidendowy SFIO,"166,81",PLN,"-0,87","0,96","2,17","-2,80","0,00","0,00",2016-03-23,0
KBC Delta (KBC Biznes SFIO),"132,51",PLN,"-0,15","-0,02","-0,50","1,21","-1,52","13,37",2016-03-23,3
KBC Gamma (KBC Biznes SFIO),"237,59",PLN,"-0,02","-0,01","0,15","0,65","1,00","9,82",2016-03-23,5
KBC Globalny Akcyjny (KBC FIO),"124,15",PLN,"-0,16","0,42","1,87","-2,06","-11,56","12,48",2016-03-23,2
KBC Globalny Ochrony 90 Listopad (KBC FIO),"93,93",PLN,"0,00","0,14","0,73","-2,29","0,00","0,00",2016-03-23,0
KBC Obligacji Korporacyjnych (KBC FIO),"129,88",PLN,"-0,02","-0,02","0,19","0,78","1,21","0,00",2016-03-23,3
KBC Papierów Dłużnych (KBC FIO),"228,33",PLN,"-0,04","0,03","0,22","0,78","0,60","12,46",2016-03-23,3
KBC Pieniężny (KBC FIO),"179,51",PLN,"-0,02","0,01","0,16","0,62","1,02","8,95",2016-03-23,1
KBC Portfel Akcji Średnich Spółek (KBC Portfel VIP SFIO),"80,15",PLN,"-0,19","0,59","1,55","-4,14","-11,68","27,36",2016-03-23,2
KBC Portfel Akcyjny (KBC Portfel VIP SFIO),"71,67",PLN,"-1,04","1,07","2,92","-2,75","-20,78","-5,96",2016-03-23,1
KBC Portfel Obligacyjny (KBC Portfel VIP SFIO),"168,92",PLN,"-0,11","-0,02","0,14","0,48","-1,00","15,24",2016-03-23,5
KBC Portfel Pieniężny (KBC Portfel VIP SFIO),"158,14",PLN,"-0,01","-0,01","0,12","0,66","1,52","11,78",2016-03-23,5
KBC Stabilny (KBC FIO),"234,95",PLN,"-0,25","0,16","0,60","-0,81","-6,44","8,06",2016-03-23,2
KBC Zmiennej Alokacji (KBC FIO),"104,78",PLN,"-0,40","0,02","0,80","-4,28","-13,13","-5,00",2016-03-23,5
Legg Mason Akcji (Legg Mason Parasol FIO),"331,85",PLN,"-0,95","0,15","2,69","2,66","-14,33","-2,30",2016-03-23,2
Legg Mason Akcji 500+ FIZ,"1 030,23",PLN,"0,00","0,00","7,64","0,00","0,00","0,00",2016-03-23,0
Legg Mason Akcji Azjatyckich (Legg Mason Parasol Zagraniczny SFIO),"101,25",PLN,"-0,71","0,96","6,96","2,99","0,00","0,00",2016-03-23,0
Legg Mason Akcji Skoncentrowany FIZ,"1 150,10",PLN,"0,00","0,00","5,19","0,00","0,00","0,00",2016-03-23,3
Legg Mason Amerykańskich Spółek Wzrostowych (Legg Mason Parasol Zagraniczny SFIO),"93,18",PLN,"-1,78","0,45","6,74","-5,78","0,00","0,00",2016-03-23,0
Legg Mason CEE Select (Legg Mason Parasol FIO),"97,56",PLN,"-0,51","-0,02","2,53","1,81","-4,21","0,00",2016-03-23,3
Legg Mason Globalnych Papierów Dłużnych (Legg Mason Parasol Zagraniczny SFIO),"99,93",PLN,"-0,01","1,36","5,07","3,35","0,00","0,00",2016-03-23,0
Legg Mason Małych Spółek Amerykańskich (Legg Mason Parasol Zagraniczny SFIO),"97,32",PLN,"-1,53","1,08","6,20","0,18","0,00","0,00",2016-03-23,0
Legg Mason Obligacji (Legg Mason Parasol FIO),"281,00",PLN,"-0,06","0,04","0,29","1,52","-0,83","7,92",2016-03-23,0
Legg Mason Okazji Rynkowych (Legg Mason Parasol Zagraniczny SFIO),"86,08",PLN,"-2,67","-0,50","7,45","-10,96","0,00","0,00",2016-03-23,0
Legg Mason Pieniężny (Legg Mason Parasol FIO),"263,23",PLN,"-0,00","0,02","0,10","0,66","1,21","6,58",2016-03-23,0
Legg Mason Senior FIO,"281,42",PLN,"-0,22","-0,04","0,86","1,22","-4,75","1,28",2016-03-23,0
Legg Mason Stabilny (Legg Mason Parasol FIO),"98,30",PLN,"-0,22","0,04","0,89","0,65","-5,08","0,00",2016-03-23,4
Legg Mason Strateg (Legg Mason Parasol FIO),"225,65",PLN,"-0,89","0,57","2,88","4,67","-10,03","-2,84",2016-03-23,3
Macro FIZ,"104,48",PLN,"0,00","0,00","0,94","0,00","0,00","0,00",2016-03-23,0
Macromoney FIZ AN,"198,54",PLN,"0,00","0,00","0,61","3,27","10,19","0,00",2016-03-23,0
MCI.EuroVentures 1.0. seria A-D (MCI.PrivateVentures FIZ),"45 468,50",PLN,"0,00","0,00","1,03","0,00","0,00","0,00",2016-03-23,0
MCI.EuroVentures 1.0. seria A1 (MCI.PrivateVentures FIZ),"47 412,80",PLN,"0,00","0,00","0,00","0,00","0,00","0,00",2016-03-23,0
MCI.EuroVentures 1.0. seria J (MCI.PrivateVentures FIZ),"45 428,90",PLN,"0,00","0,00","1,03","0,00","0,00","0,00",2016-03-23,0
MCI.EuroVentures 1.0. seria K (MCI.PrivateVentures FIZ),"45 244,30",PLN,"0,00","0,00","1,03","0,00","0,00","0,00",2016-03-23,0
MCI.EuroVentures 1.0. seria L (MCI.PrivateVentures FIZ),"44 439,20",PLN,"0,00","0,00","1,03","0,00","0,00","0,00",2016-03-23,0
MCI.EuroVentures 1.0. seria M (MCI.PrivateVentures FIZ),"45 479,20",PLN,"0,00","0,00","1,03","0,00","0,00","0,00",2016-03-23,0
MCI.EuroVentures 1.0. seria N (MCI.PrivateVentures FIZ),"45 135,00",PLN,"0,00","0,00","1,03","0,00","0,00","0,00",2016-03-23,0
MCI.EuroVentures 1.0. seria O (MCI.PrivateVentures FIZ),"45 150,80",PLN,"0,00","0,00","1,13","0,00","0,00","0,00",2016-03-23,0
MCI.EuroVentures 1.0. seria P (MCI.PrivateVentures FIZ),"45 877,50",PLN,"0,00","0,00","1,03","0,00","0,00","0,00",2016-03-23,0
MCI.EuroVentures 1.0. seria R (MCI.PrivateVentures FIZ),"47 014,80",PLN,"0,00","0,00","0,94","0,00","0,00","0,00",2016-03-23,0
MCI.EuroVentures 1.0. seria S (MCI.PrivateVentures FIZ),"47 087,90",PLN,"0,00","0,00","0,94","0,00","0,00","0,00",2016-03-23,0
MCI.EuroVentures 1.0. seria T (MCI.PrivateVentures FIZ),"45 226,00",PLN,"0,00","0,00","0,94","0,00","0,00","0,00",2016-03-23,0
MCI.EuroVentures 1.0. seria U (MCI.PrivateVentures FIZ),"47 190,40",PLN,"0,00","0,00","0,94","2,20","0,00","0,00",2016-03-23,0
MCI.EuroVentures 1.0. seria W (MCI.PrivateVentures FIZ),"46 549,40",PLN,"0,00","0,00","0,94","2,20","0,00","0,00",2016-03-23,0
MCI.EuroVentures 1.0. seria Y (MCI.PrivateVentures FIZ),"47 140,30",PLN,"0,00","0,00","0,94","2,20","0,00","0,00",2016-03-23,0
MCI.EuroVentures 1.0. seria Z (MCI.PrivateVentures FIZ),"46 618,00",PLN,"0,00","0,00","0,94","0,00","0,00","0,00",2016-03-23,0
MCI.TechVentures 1.0. seria A-D (MCI.PrivateVentures FIZ),"212,47",PLN,"0,00","0,00","-0,91","0,00","0,00","0,00",2016-03-23,0
MCI.TechVentures 1.0. seria A1 (MCI.PrivateVentures FIZ),"173,64",PLN,"0,00","0,00","-0,44","0,00","0,00","0,00",2016-03-23,0
MCI.TechVentures 1.0. seria B1 (MCI.PrivateVentures FIZ),"230,33",PLN,"0,00","0,00","-0,95","0,00","0,00","0,00",2016-03-23,0
MCI.TechVentures 1.0. seria C1 (MCI.PrivateVentures FIZ),"232,62",PLN,"0,00","0,00","-0,95","0,00","0,00","0,00",2016-03-23,0
MCI.TechVentures 1.0. seria D1 (MCI.PrivateVentures FIZ),"233,71",PLN,"0,00","0,00","-0,95","0,00","0,00","0,00",2016-03-23,0
MCI.TechVentures 1.0. seria E (MCI.PrivateVentures FIZ),"212,44",PLN,"0,00","0,00","-0,91","0,00","0,00","0,00",2016-03-23,0
MCI.TechVentures 1.0. seria E1 (MCI.PrivateVentures FIZ),"236,76",PLN,"0,00","0,00","-0,95","0,00","0,00","0,00",2016-03-23,0
MCI.TechVentures 1.0. seria F1 (MCI.PrivateVentures FIZ),"237,88",PLN,"0,00","0,00","-0,95","0,00","0,00","0,00",2016-03-23,0
MCI.TechVentures 1.0. seria G1 (MCI.PrivateVentures FIZ),"236,37",PLN,"0,00","0,00","-0,95","0,00","0,00","0,00",2016-03-23,0
MCI.TechVentures 1.0. seria H (MCI.PrivateVentures FIZ),"199,44",PLN,"0,00","0,00","-0,95","0,00","0,00","0,00",2016-03-23,0
MCI.TechVentures 1.0. seria H1 (MCI.PrivateVentures FIZ),"239,05",PLN,"0,00","0,00","-0,95","0,00","0,00","0,00",2016-03-23,0
MCI.TechVentures 1.0. seria I (MCI.PrivateVentures FIZ),"199,44",PLN,"0,00","0,00","-0,95","0,00","0,00","0,00",2016-03-23,0
MCI.TechVentures 1.0. seria I1 (MCI.PrivateVentures FIZ),"240,68",PLN,"0,00","0,00","-0,95","0,00","0,00","0,00",2016-03-23,0
MCI.TechVentures 1.0. seria J (MCI.PrivateVentures FIZ),"215,70",PLN,"0,00","0,00","-0,93","0,00","0,00","0,00",2016-03-23,0
MCI.TechVentures 1.0. seria J1 (MCI.PrivateVentures FIZ),"240,82",PLN,"0,00","0,00","-0,95","0,00","0,00","0,00",2016-03-23,0
MCI.TechVentures 1.0. seria K (MCI.PrivateVentures FIZ),"180,14",PLN,"0,00","0,00","-0,95","0,00","0,00","0,00",2016-03-23,0
MCI.TechVentures 1.0. seria K1 (MCI.PrivateVentures FIZ),"242,64",PLN,"0,00","0,00","-0,95","0,00","0,00","0,00",2016-03-23,0
MCI.TechVentures 1.0. seria L (MCI.PrivateVentures FIZ),"202,98",PLN,"0,00","0,00","-0,95","0,00","0,00","0,00",2016-03-23,0
MCI.TechVentures 1.0. seria L1 (MCI.PrivateVentures FIZ),"242,31",PLN,"0,00","0,00","-0,95","0,00","0,00","0,00",2016-03-23,0
MCI.TechVentures 1.0. seria M (MCI.PrivateVentures FIZ),"204,64",PLN,"0,00","0,00","-0,93","0,00","0,00","0,00",2016-03-23,0
MCI.TechVentures 1.0. seria M1 (MCI.PrivateVentures FIZ),"241,93",PLN,"0,00","0,00","-0,95","0,00","0,00","0,00",2016-03-23,0
MCI.TechVentures 1.0. seria N (MCI.PrivateVentures FIZ),"223,22",PLN,"0,00","0,00","-0,95","0,00","0,00","0,00",2016-03-23,0
MCI.TechVentures 1.0. seria N1 (MCI.PrivateVentures FIZ),"242,31",PLN,"0,00","0,00","-0,95","1,07","0,00","0,00",2016-03-23,0
MCI.TechVentures 1.0. seria O (MCI.PrivateVentures FIZ),"224,06",PLN,"0,00","0,00","-0,93","0,00","0,00","0,00",2016-03-23,0
MCI.TechVentures 1.0. seria O1 (MCI.PrivateVentures FIZ),"242,32",PLN,"0,00","0,00","-0,95","1,07","0,00","0,00",2016-03-23,0
MCI.TechVentures 1.0. seria P (MCI.PrivateVentures FIZ),"235,49",PLN,"0,00","0,00","-0,91","0,00","0,00","0,00",2016-03-23,0
MCI.TechVentures 1.0. seria P1 (MCI.PrivateVentures FIZ),"241,43",PLN,"0,00","0,00","-0,95","0,74","0,00","0,00",2016-03-23,0
MCI.TechVentures 1.0. seria R (MCI.PrivateVentures FIZ),"232,90",PLN,"0,00","0,00","-0,94","0,00","0,00","0,00",2016-03-23,0
MCI.TechVentures 1.0. seria R1 (MCI.PrivateVentures FIZ),"239,08",PLN,"0,00","0,00","-0,95","0,00","0,00","0,00",2016-03-23,0
MCI.TechVentures 1.0. seria S (MCI.PrivateVentures FIZ),"233,12",PLN,"0,00","0,00","-0,93","0,00","0,00","0,00",2016-03-23,0
MCI.TechVentures 1.0. seria S1 (MCI.PrivateVentures FIZ),"244,33",PLN,"0,00","0,00","0,00","0,00","0,00","0,00",2016-03-23,0
MCI.TechVentures 1.0. seria T (MCI.PrivateVentures FIZ),"227,96",PLN,"0,00","0,00","-0,95","0,00","0,00","0,00",2016-03-23,0
MCI.TechVentures 1.0. seria U (MCI.PrivateVentures FIZ),"229,68",PLN,"0,00","0,00","-0,95","0,00","0,00","0,00",2016-03-23,0
MCI.TechVentures 1.0. seria W (MCI.PrivateVentures FIZ),"227,21",PLN,"0,00","0,00","-0,95","0,00","0,00","0,00",2016-03-23,0
MCI.TechVentures 1.0. seria Y (MCI.PrivateVentures FIZ),"224,95",PLN,"0,00","0,00","-0,95","0,00","0,00","0,00",2016-03-23,0
MCI.TechVentures 1.0. seria Z (MCI.PrivateVentures FIZ),"231,61",PLN,"0,00","0,00","-0,95","0,00","0,00","0,00",2016-03-23,0
Medyczny Publiczny FIZ,"98,30",PLN,"0,00","0,00","-0,39","-1,72","0,00","0,00",2016-03-23,0
MetLife Akcji (Krajowy FIO),"14,05",PLN,"-0,71","1,44","4,77","2,55","-17,16","-7,93",2016-03-23,5
MetLife Akcji Amerykańskich (Światowy SFIO),"11,24",PLN,"-0,62","0,81","5,84","-1,40","-5,70","49,47",2016-03-23,0
MetLife Akcji Amerykańskich (USD) (Światowy SFIO),"2,96",USD,"-0,63","2,77","10,46","0,83","-5,28","27,25",2016-03-23,0
MetLife Akcji Chińskich i Azjatyckich (Światowy SFIO),"10,61",PLN,"-0,38","1,82","5,68","-0,56","-6,77","34,99",2016-03-23,0
MetLife Akcji Chińskich i Azjatyckich (USD) (Światowy SFIO),"2,79",USD,"-0,39","3,80","10,30","1,69","-6,35","14,93",2016-03-23,0
MetLife Akcji Małych Spółek (Światowy SFIO),"7,51",PLN,"0,67","3,30","6,07","4,02","-1,83","17,34",2016-03-23,1
MetLife Akcji Nowa Europa (Światowy SFIO),"7,63",PLN,"-1,80","0,93","5,53","4,09","-12,20","-13,88",2016-03-23,2
MetLife Akcji Polskich (Światowy SFIO),"5,51",PLN,"-0,72","1,29","4,16","1,66","-14,31","-3,50",2016-03-23,1
MetLife Akcji Rynków Rozwiniętych (Światowy SFIO),"6,95",PLN,"-0,14","0,14","3,27","2,96","-4,79","24,78",2016-03-23,3
MetLife Akcji Rynków Rozwiniętych (USD) (Światowy SFIO),"1,83",USD,"-0,15","2,09","7,78","5,30","-4,37","6,23",2016-03-23,0
MetLife Akcji Rynków Wschodzących (Światowy SFIO),"7,72",PLN,"-0,77","2,12","6,48","3,76","-8,10","1,71",2016-03-23,0
MetLife Akcji Rynków Wschodzących (USD) (Światowy SFIO),"2,03",USD,"-0,79","4,10","11,14","6,11","-7,69","-13,41",2016-03-23,0
MetLife Akcji Średnich Spółek (Krajowy FIO),"7,76",PLN,"0,00","1,04","3,19","-0,39","-11,92","15,99",2016-03-23,4
MetLife Aktywnej Alokacji (Krajowy FIO),"7,28",PLN,"-0,41","0,69","2,25","1,82","-7,96","-0,95",2016-03-23,4
MetLife FIZ ONE,"848,63",PLN,"0,00","0,00","-0,18","0,00","0,00","0,00",2016-03-23,3
MetLife Lokacyjny (Światowy SFIO),"14,30",PLN,"0,00","0,14","0,28","0,63","1,56","7,44",2016-03-23,3
MetLife Obligacji Plus (Światowy SFIO),"16,02",PLN,"-0,12","0,00","0,31","0,82","0,12","11,25",2016-03-23,5
MetLife Obligacji Skarbowych (Krajowy FIO),"20,64",PLN,"-0,15","0,05","0,24","0,93","0,29","10,73",2016-03-23,3
MetLife Obligacji Światowych (Światowy SFIO),"12,34",PLN,"0,00","0,98","2,32","5,74","4,49","18,88",2016-03-23,0
MetLife Obligacji Światowych (USD) (Światowy SFIO),"3,25",USD,"-0,01","2,95","6,79","8,14","4,96","1,21",2016-03-23,0
MetLife Ochrony Wzrostu (Światowy SFIO),"8,39",PLN,"-0,24","0,24","0,48","-0,24","-8,61","-12,97",2016-03-23,0
MetLife Pieniężny (Krajowy FIO),"16,19",PLN,"0,00","0,12","0,25","0,62","1,50","8,29",2016-03-23,1
MetLife Stabilnego Wzrostu (Krajowy FIO),"15,68",PLN,"-0,44","0,58","1,82","1,75","-5,71","2,02",2016-03-23,5
MetLife Zrównoważony Azjatycki (Światowy SFIO),"14,64",PLN,"-0,48","1,67","4,95","1,88","-3,11","18,06",2016-03-23,0
MetLife Zrównoważony Azjatycki (USD) (Światowy SFIO),"3,85",USD,"-0,49","3,64","9,53","4,19","-2,68","0,52",2016-03-23,0
MetLife Zrównoważony Nowa Europa (Krajowy FIO),"10,57",PLN,"-1,21","0,38","2,42","3,53","-6,46","-4,43",2016-03-23,0
Metrum FIZ,"956,19",PLN,"0,00","0,00","2,05","2,34","0,00","0,00",2016-03-23,0
Mezzanine FIZ AN,"1 086,07",PLN,"0,00","0,00","0,70","0,00","0,00","0,00",2016-03-23,0
Millennium Absolute Return (EUR) (Millennium SFIO),"27,24",EUR,"0,26","0,96","4,29","-1,98","-4,69","9,22",2016-03-23,0
Millennium Absolute Return (Millennium SFIO),"115,86",PLN,"0,12","-0,08","1,60","-1,81","-1,80","10,98",2016-03-23,0
Millennium Absolute Return (USD) (Millennium SFIO),"30,48",USD,"0,10","1,87","6,02","0,43","-1,36","-5,52",2016-03-23,0
Millennium Akcji (Millennium FIO),"189,64",PLN,"-0,24","0,65","3,51","-0,83","-13,84","-1,14",2016-03-23,5
Millennium Cyklu Koniunkturalnego (Millennium FIO),"146,95",PLN,"-0,08","0,36","2,48","-2,43","-14,27","0,00",2016-03-23,5
Millennium Depozytowy (Millennium FIO),"176,02",PLN,"-0,01","0,04","0,18","0,65","0,98","5,24",2016-03-23,1
Millennium Dynamicznych Spółek (Millennium FIO),"86,88",PLN,"0,85","1,07","3,37","-0,11","-2,37","29,25",2016-03-23,4
Millennium Globalny Akcji (EUR) (Millennium SFIO),"31,32",EUR,"0,26","1,29","5,49","-6,09","-13,50","0,00",2016-03-23,0
Millennium Globalny Akcji (Millennium SFIO),"133,21",PLN,"0,11","0,23","2,78","-5,93","-10,90","0,00",2016-03-23,1
Millennium Globalny Akcji (USD) (Millennium SFIO),"35,05",USD,"0,11","2,19","7,29","-3,79","-10,50","0,00",2016-03-23,0
Millennium Globalny Stabilnego Wzrostu (EUR) (Millennium SFIO),"42,13",EUR,"0,29","1,40","5,83","-1,98","-8,33","0,00",2016-03-23,0
Millennium Globalny Stabilnego Wzrostu (Millennium SFIO),"179,19",PLN,"0,16","0,35","3,10","-1,81","-5,57","0,00",2016-03-23,0
Millennium Globalny Stabilnego Wzrostu (USD) (Millennium SFIO),"47,14",USD,"0,13","2,30","7,60","0,40","-5,15","0,00",2016-03-23,0
Millennium Globalny Strategii Alternatywnych (EUR) (Millennium SFIO),"24,46",EUR,"-0,08","1,41","5,39","-2,90","-12,27","0,00",2016-03-23,0
Millennium Globalny Strategii Alternatywnych (Millennium SFIO),"104,05",PLN,"-0,20","0,38","2,69","-2,70","-9,60","0,00",2016-03-23,0
Millennium Globalny Strategii Alternatywnych (USD) (Millennium SFIO),"27,37",USD,"-0,22","2,32","7,17","-0,51","-9,22","0,00",2016-03-23,0
Millennium Instrumentów Dłużnych (Millennium FIO),"102,35",PLN,"-0,24","0,16","1,39","0,64","-0,02","0,00",2016-03-23,0
Millennium Obligacji Korporacyjnych (EUR) (Millennium SFIO),"30,88",EUR,"0,10","1,35","4,61","0,23","-2,56","7,71",2016-03-23,0
Millennium Obligacji Korporacyjnych (Millennium SFIO),"131,35",PLN,"-0,04","0,28","1,93","0,41","0,41","9,43",2016-03-23,1
Millennium Obligacji Korporacyjnych (USD) (Millennium SFIO),"34,56",USD,"-0,03","2,25","6,40","2,70","0,88","-6,82",2016-03-23,0
Millennium Stabilnego Wzrostu (Millennium FIO),"137,33",PLN,"-0,19","0,26","1,45","0,15","-6,16","-0,30",2016-03-23,1
MM Prime Akcji FIZ,"1 010,00",PLN,"0,00","1,68","6,93","0,00","0,00","0,00",2016-03-23,0
MM Prime Depozytowy FIZ,"1 067,56",PLN,"0,00","0,07","0,29","0,00","0,00","0,00",2016-03-23,5
NN (L) Ameryki Łacińskiej (NN SFIO),"53,32",PLN,"-2,81","4,55","13,71","9,42","-16,37","-40,16",2016-03-23,0
NN (L) Depozytowy (NN SFIO),"113,50",PLN,"0,00","0,00","0,08","0,69","0,71","5,44",2016-03-23,2
NN (L) Dynamiczny Globalnej Alokacji (NN SFIO),"148,21",PLN,"0,03","0,54","0,00","0,00","0,00","0,00",2016-03-23,0
NN (L) Europejski Spółek Dywidendowych (NN SFIO),"144,08",PLN,"-0,23","-0,60","4,39","-8,26","-17,21","15,70",2016-03-23,0
NN (L) Globalny Długu Korporacyjnego (NN SFIO),"151,88",PLN,"-0,15","0,89","6,19","3,50","-4,26","3,40",2016-03-23,0
NN (L) Globalny Spółek Dywidendowych (NN SFIO),"189,53",PLN,"-0,44","-0,69","5,60","-4,67","-10,64","28,13",2016-03-23,2
NN (L) Globalnych Możliwości (NN SFIO),"148,46",PLN,"0,75","5,57","3,83","-9,47","-8,94","27,40",2016-03-02,2
NN (L) Japonia (NN SFIO),"161,13",PLN,"-0,33","0,11","6,08","-15,02","-15,92","27,08",2016-03-23,0
NN (L) Nowej Azji (NN SFIO),"105,03",PLN,"-0,28","2,34","7,60","-0,90","-9,65","-5,04",2016-03-23,2
NN (L) Obligacji Rynków Wschodzących (Waluta Lokalna) (NN SFIO),"86,46",PLN,"-0,29","3,01","6,09","7,23","-6,84","-23,19",2016-03-23,0
NN (L) Obligacyjny Globalnej Alokacji (NN SFIO),"107,36",PLN,"0,16","-0,14","0,00","0,00","0,00","0,00",2016-03-23,0
NN (L) Senior Loans FIZ,"1 037,59",PLN,"0,06","0,94","2,24","0,00","0,00","0,00",2016-03-23,4
NN (L) Spółek Dywidendowych Rynków Wschodzących (NN SFIO),"90,94",PLN,"-0,67","1,92","8,86","-1,38","-17,31","-4,54",2016-03-23,2
NN (L) Spółek Dywidendowych USA (NN SFIO),"162,66",PLN,"-0,82","0,61","7,18","0,26","-5,00","13,56",2016-03-23,0
NN (L) Stabilny Globalnej Alokacji (NN SFIO),"112,80",PLN,"-0,08","0,28","1,43","-0,09","-3,64","0,00",2016-03-23,0
NN (L) Stabilny Globalnej Alokacji EUR (EUR) (NN SFIO),"101,55",EUR,"-0,10","0,23","1,29","-0,36","-4,92","0,00",2016-03-23,0
NN (L) Zagranicznych Obligacji Rynków Wschodzących (NN SFIO),"106,72",PLN,"0,27","1,74","2,65","-0,99","-0,12","4,40",2016-03-02,0
NN Akcji (NN FIO),"273,07",PLN,"-0,83","1,30","3,92","1,83","-9,66","7,33",2016-03-23,4
NN Akcji Środkowoeuropejskich (NN FIO),"153,55",PLN,"-1,18","-0,06","3,14","2,11","-10,68","3,59",2016-03-23,4
NN Gotówkowy (NN FIO),"259,88",PLN,"0,01","0,01","0,08","0,70","0,83","5,87",2016-03-23,0
NN Lokacyjny Plus (NN FIO),"121,36",PLN,"-0,10","0,15","0,62","1,22","0,70","0,00",2016-03-23,4
NN Obligacji (NN FIO),"287,96",PLN,"-0,10","0,21","0,65","2,23","0,65","10,22",2016-03-23,0
NN Perspektywa 2020 (NN Perspektywa SFIO),"118,81",PLN,"-0,13","0,26","1,63","0,62","-1,89","8,96",2016-03-23,0
NN Perspektywa 2025 (NN Perspektywa SFIO),"118,80",PLN,"-0,20","0,34","2,26","0,14","-3,34","9,07",2016-03-23,0
NN Perspektywa 2030 (NN Perspektywa SFIO),"117,13",PLN,"-0,24","0,37","2,51","-0,23","-4,41","8,39",2016-03-23,0
NN Perspektywa 2035 (NN Perspektywa SFIO),"116,25",PLN,"-0,27","0,40","2,73","-0,56","-5,29","8,26",2016-03-23,0
NN Perspektywa 2040 (NN Perspektywa SFIO),"114,80",PLN,"-0,30","0,41","2,93","-0,91","-6,14","7,47",2016-03-23,0
NN Perspektywa 2045 (NN Perspektywa SFIO),"113,67",PLN,"-0,33","0,43","3,13","-1,14","-6,61","7,62",2016-03-23,0
NN Selektywny (NN FIO),"70,99",PLN,"-0,87","1,28","3,73","1,66","-10,15","14,43",2016-03-23,2
NN SFIO Akcji 2,"329,61",PLN,"-0,81","1,05","3,66","0,99","-10,54","9,85",2016-03-23,4
NN SFIO Obligacji 2,"270,60",PLN,"-0,13","0,11","0,67","2,25","0,00","0,00",2016-03-23,0
NN Średnich i Małych Spółek (NN FIO),"176,13",PLN,"0,09","1,77","3,78","1,95","-2,41","37,55",2016-03-23,0
NN Stabilnego Wzrostu (NN FIO),"250,40",PLN,"-0,30","0,43","1,49","1,32","-3,74","5,03",2016-03-23,3
NN Zrównoważony (NN FIO),"290,91",PLN,"-0,48","0,78","2,47","2,08","-5,05","8,12",2016-03-23,4
Noble Fund Africa and Frontier (Noble Funds SFIO),"44,72",PLN,"-1,04","0,88","3,47","5,45","-18,30","-37,91",2016-03-23,0
Noble Fund Akcji (Noble Funds FIO),"113,94",PLN,"-0,35","0,35","2,51","-2,21","-12,64","-4,99",2016-03-23,5
Noble Fund Akcji Małych i Średnich Spółek (Noble Funds FIO),"88,24",PLN,"0,30","1,19","1,73","-3,10","-1,37","22,35",2016-03-23,5
Noble Fund Dywidendowy FIZ,"81,79",PLN,"0,00","0,00","4,60","0,00","0,00","0,00",2016-03-23,1
Noble Fund Global Return (Noble Funds FIO),"113,60",PLN,"-0,17","0,00","0,88","-4,39","-8,90","-2,85",2016-03-23,0
Noble Fund Long Short FIZ,"954,69",PLN,"0,00","0,00","-3,62","0,00","0,00","0,00",2016-03-23,0
Noble Fund Mieszany (Noble Funds FIO),"141,58",PLN,"0,18","0,74","1,45","-2,44","-4,27","8,80",2016-03-23,0
Noble Fund Obligacji (Noble Funds FIO),"107,47",PLN,"-0,05","-0,01","0,16","1,16","0,59","0,00",2016-03-23,4
Noble Fund Opportunity FIZ,"1 181,25",PLN,"0,00","0,00","1,90","0,00","0,00","0,00",2016-03-23,0
Noble Fund Pieniężny (Noble Funds FIO),"135,98",PLN,"-0,01","0,02","-0,04","0,60","0,28","0,00",2016-03-23,4
Noble Fund Stabilnego Wzrostu Plus (Noble Funds FIO),"141,79",PLN,"0,14","-0,23","0,73","-0,15","-0,50","18,91",2016-03-23,4
Noble Fund Timingowy (Noble Funds FIO),"140,91",PLN,"0,08","0,30","1,36","-0,39","-0,64","5,22",2016-03-23,4
Novo Akcji (Novo FIO),"155,19",PLN,"-2,33","-0,01","7,94","0,03","-29,71","-21,90",2016-03-24,3
Novo Akcji Globalnych (Novo FIO),"99,35",PLN,"-0,42","0,88","4,21","-2,75","-10,15","0,00",2016-03-24,1
Novo Aktywnej Alokacji (Novo FIO),"84,55",PLN,"-1,35","1,34","8,80","5,16","-11,48","-14,92",2016-03-24,5
Novo Gotówkowy (Novo FIO),"139,09",PLN,"0,01","-0,02","-0,03","0,84","1,13","8,11",2016-03-24,0
Novo Obligacji Przedsiębiorstw (Novo FIO),"228,18",PLN,"0,01","-0,06","0,06","1,06","0,61","0,00",2016-03-24,1
Novo Papierów Dłużnych (Novo FIO),"203,33",PLN,"0,04","-0,14","-0,12","1,35","-0,70","10,00",2016-03-24,5
Novo Rentier FIZ,"927,02",PLN,"0,00","0,46","3,09","0,00","0,00","0,00",2016-03-23,0
Novo Stabilnego Wzrostu (Novo FIO),"185,15",PLN,"-0,90","0,04","3,81","1,85","-11,78","-7,23",2016-03-24,1
Novo Zrównoważonego Wzrostu (Novo FIO),"155,90",PLN,"-1,61","0,11","6,28","1,83","-20,87","-16,72",2016-03-24,2
Obligacyjny FIZ,"1 042,34",PLN,"0,00","0,00","-1,63","0,00","0,00","0,00",2016-03-23,0
Open Finance Absolute Return FIZ,"1 014,21",PLN,"0,00","0,00","0,00","0,00","0,00","0,00",2016-03-23,0
Open Finance Akcji (Open Finance FIO),"98,43",PLN,"-0,66","1,19","2,70","-1,17","-15,02","-5,05",2016-03-23,2
Open Finance Akcji Małych i Średnich Spółek (Open Finance FIO),"129,40",PLN,"0,13","1,32","2,58","0,04","-2,90","21,20",2016-03-23,2
Open Finance Aktywnej Alokacji (Open Finance FIO),"94,78",PLN,"-0,42","-0,30","0,26","1,31","-6,33","-11,72",2016-03-23,3
Open Finance Obligacji (Open Finance FIO),"108,63",PLN,"-0,06","0,01","-0,01","0,48","-2,43","6,22",2016-03-23,5
Open Finance Obligacji Przedsiębiorstw FIZ AN seria C,"1 072,21",PLN,"0,00","0,00","0,75","0,67","4,07","0,00",2016-03-23,5
Open Finance Pieniężny (Open Finance FIO),"112,86",PLN,"-0,04","0,03","0,20","0,66","1,34","0,00",2016-03-23,3
Open Finance Stabilnego Wzrostu (Open Finance FIO),"107,93",PLN,"-0,16","0,29","0,78","0,55","-5,86","1,16",2016-03-23,5
Open Finance Surowcowy FIZ,"103,46",PLN,"0,00","0,00","-0,12","0,00","0,00","0,00",2016-03-23,0
Opera Alfa-plus.pl (Opera SFIO),"14,37",PLN,"1,84","1,84","5,35","5,12","-5,21","3,38",2016-03-23,0
Opera Avista-plus.pl (Opera SFIO),"15,99",PLN,"0,06","0,06","0,31","1,46","2,11","10,66",2016-03-23,0
Opera Avista.pl (Opera FIO),"18,44",PLN,"0,05","-0,05","-0,27","1,54","1,21","12,37",2016-03-24,4
Opera Equilibrium.pl (Opera FIO),"10,75",PLN,"-1,56","-0,09","4,37","-1,38","-19,90","-13,79",2016-03-24,5
Opera FIZ,"38 632,50",PLN,"0,00","0,00","0,00","0,00","0,00","0,00",2016-03-23,0
Opera NGO SFIO,"10,02",PLN,"0,00","0,50","1,73","4,38","-0,89","-6,36",2016-03-23,0
Opera Pecunia.pl (Opera FIO),"12,62",PLN,"0,00","-0,08","0,00","0,64","0,72","7,50",2016-03-24,4
Opera Tutus-plus (Opera SFIO),"12,22",PLN,"0,00","0,00","0,33","1,33","1,49","0,00",2016-03-23,1
Opera Universa.pl (Opera FIO),"6,49",PLN,"-1,96","0,62","8,35","0,46","-31,03","-30,22",2016-03-24,0
Opera Za 3 Grosze FIZ,"233,04",PLN,"0,00","0,00","0,25","0,00","0,00","0,00",2016-03-23,0
Opoka Akcji 130/30 (Opoka Omega FIZ),"98,18",PLN,"0,00","0,00","2,69","0,00","0,00","0,00",2016-03-23,0
Opoka Alfa (Opoka Omega FIZ),"107,62",PLN,"0,00","0,00","2,67","0,00","0,00","0,00",2016-03-23,0
Opoka Neutral (Opoka Omega FIZ),"111,03",PLN,"0,00","0,00","0,19","0,00","0,00","0,00",2016-03-23,0
Opoka One FIZ,"137,33",PLN,"0,00","0,00","0,00","0,00","0,00","0,00",2016-03-23,0
Optimum Akcji (Optimum FIO),"7,95",PLN,"-1,00","1,53","6,43","1,92","-19,45","0,00",2016-03-23,3
Optimum Gotówkowy (Optimum FIO),"10,15",PLN,"0,00","-0,10","0,00","-0,39","-0,88","0,00",2016-03-23,1
Optimum Obligacji (Optimum FIO),"10,34",PLN,"0,00","0,10","0,10","1,17","-0,48","0,00",2016-03-23,1
Pioneer Akcji - Aktywna Selekcja (Pioneer FIO),"9,07",PLN,"-0,87","0,89","6,33","1,68","-18,87","-5,13",2016-03-23,3
Pioneer Akcji Amerykańskich (Pioneer Walutowy FIO),"97,87",PLN,"-0,57","-1,53","0,82","-4,79","-9,21","35,86",2016-03-23,0
Pioneer Akcji Amerykańskich (USD) (Pioneer Walutowy FIO),"25,75",USD,"-0,58","0,39","5,23","-2,61","-8,79","15,68",2016-03-23,0
Pioneer Akcji Europejskich (EUR) (Pioneer Walutowy FIO),"10,78",EUR,"0,00","0,00","4,56","-7,07","-13,27","17,43",2016-03-23,0
Pioneer Akcji Europejskich (Pioneer Walutowy FIO),"45,87",PLN,"-0,11","-0,97","1,89","-6,86","-10,64","19,42",2016-03-23,0
Pioneer Akcji Europy Wschodniej (Pioneer Funduszy Globalnych SFIO),"5,61",PLN,"-0,18","3,51","10,65","6,05","-6,19","-23,78",2016-03-23,1
Pioneer Akcji Małych i Średnich Spółek Rynków Rozwiniętych (Pioneer Funduszy Globalnych SFIO),"10,97",PLN,"-0,09","0,37","4,08","-6,32","-9,49","30,75",2016-03-23,0
Pioneer Akcji Polskich (Pioneer FIO),"19,45",PLN,"-0,92","0,73","4,46","0,21","-19,69","-11,02",2016-03-23,0
Pioneer Akcji Rynków Dalekiego Wschodu (Pioneer Funduszy Globalnych SFIO),"8,18",PLN,"-0,49","2,25","5,96","-5,32","-12,61","1,24",2016-03-23,0
Pioneer Akcji Rynków Wschodzących (Pioneer Funduszy Globalnych SFIO),"6,05",PLN,"-0,98","2,02","9,40","-0,33","-10,90","-23,13",2016-03-23,0
Pioneer Alternatywny - Absolutnej Stopy Zwrotu (Pioneer Funduszy Globalnych SFIO),"9,83",PLN,"0,00","0,41","1,55","-0,10","0,00","0,00",2016-03-23,0
Pioneer Alternatywny - Globalnego Dochodu (Pioneer Funduszy Globalnych SFIO),"9,57",PLN,"-0,42","0,00","2,79","-0,52","-4,11","0,00",2016-03-23,0
Pioneer Dochodu i Wzrostu Regionu Pacyfiku (Pioneer Funduszy Globalnych SFIO),"13,90",PLN,"-0,36","1,53","4,75","-0,93","-5,38","6,11",2016-03-23,0
Pioneer Dochodu i Wzrostu Rynku Chińskiego (Pioneer Funduszy Globalnych SFIO),"14,88",PLN,"-0,20","1,71","4,35","-3,50","-8,94","3,91",2016-03-23,0
Pioneer Dynamicznych Spółek (Pioneer FIO),"17,03",PLN,"0,00","0,77","3,65","-3,13","-8,98","21,82",2016-03-23,5
Pioneer Elastycznego Inwestowania (Pioneer Strategie Funduszowe SFIO),"11,02",PLN,"-0,18","0,55","1,75","-0,45","-4,51","-0,27",2016-03-23,0
Pioneer Global Multi-Asset Target Income FIZ,"937,17",PLN,"-0,11","0,24","2,56","0,00","0,00","0,00",2016-03-23,3
Pioneer Gotówkowy (Pioneer Funduszy Globalnych SFIO),"11,97",PLN,"0,00","0,00","0,08","0,34","1,01","5,93",2016-03-23,1
Pioneer Konsumpcji i Wzrostu Rynków Wschodzących FIZ,"957,42",PLN,"-0,39","2,51","6,28","0,00","0,00","0,00",2016-03-23,3
Pioneer Małych i Średnich Spółek Rynku Polskiego (Pioneer FIO),"8,68",PLN,"0,12","0,35","2,12","-3,66","-11,25","16,51",2016-03-23,0
Pioneer Obligacji - Dynamiczna Alokacja 2 (Pioneer FIO),"11,74",PLN,"0,00","0,09","0,34","1,47","0,95","12,56",2016-03-23,2
Pioneer Obligacji - Dynamiczna Alokacja FIO,"135,82",PLN,"-0,06","0,01","0,32","1,57","1,01","10,60",2016-03-23,5
Pioneer Obligacji Dolarowych Plus (Pioneer Walutowy FIO),"71,22",PLN,"-0,01","-1,18","-1,49","-0,74","-3,87","12,78",2016-03-23,0
Pioneer Obligacji Dolarowych Plus (USD) (Pioneer Walutowy FIO),"18,74",USD,"0,00","0,75","2,85","1,52","-3,45","-3,95",2016-03-23,0
Pioneer Obligacji Europejskich Plus (EUR) (Pioneer Walutowy FIO),"10,54",EUR,"0,00","0,19","0,67","0,10","-2,32","3,13",2016-03-23,0
Pioneer Obligacji Europejskich Plus (Pioneer Walutowy FIO),"44,84",PLN,"-0,16","-0,82","-1,86","0,34","0,63","4,77",2016-03-23,0
Pioneer Obligacji i Dochodu (Pioneer Funduszy Globalnych SFIO),"10,42",PLN,"0,00","0,29","3,27","2,16","0,19","0,00",2016-03-23,5
Pioneer Obligacji Plus (Pioneer FIO),"56,03",PLN,"-0,05","0,04","0,32","1,28","0,57","0,00",2016-03-23,2
Pioneer Obligacji Strategicznych (Pioneer Funduszy Globalnych SFIO),"17,10",PLN,"0,00","0,59","2,76","0,77","-1,21","5,30",2016-03-23,0
Pioneer Pieniężny (Pioneer FIO),"186,36",PLN,"-0,01","0,01","0,16","0,40","0,90","5,87",2016-03-23,4
Pioneer Pieniężny Plus (Pioneer FIO),"10,64",PLN,"0,00","0,00","0,19","0,47","1,24","0,00",2016-03-23,1
Pioneer Stabilnego Inwestowania (Pioneer FIO),"11,42",PLN,"-0,44","0,71","2,06","1,87","-7,90","1,87",2016-03-23,3
Pioneer Stabilnego Wzrostu (Pioneer FIO),"187,08",PLN,"-0,33","0,35","1,52","0,45","-5,97","-0,39",2016-03-23,1
Pioneer Strategii Globalnej (Pioneer Strategie Funduszowe SFIO),"17,55",PLN,"0,06","0,52","2,39","-1,46","-6,65","11,93",2016-03-23,0
Pioneer Strategii Globalnej - konserwatywny (Pioneer Strategie Funduszowe SFIO),"10,25",PLN,"0,10","0,59","1,89","0,49","0,00","0,00",2016-03-23,0
Pioneer Surowców i Energii (Pioneer Funduszy Globalnych SFIO),"5,66",PLN,"0,35","1,98","5,20","5,79","-16,52","-32,70",2016-03-23,0
Pioneer Wzrostu i Dochodu Rynku Amerykańskiego (Pioneer Funduszy Globalnych SFIO),"10,08",PLN,"-0,10","0,60","3,60","0,30","-0,49","0,00",2016-03-23,0
Pioneer Wzrostu i Dochodu Rynku Europejskiego (Pioneer Funduszy Globalnych SFIO),"10,73",PLN,"0,09","0,00","3,37","-3,25","-5,46","0,00",2016-03-23,0
Pioneer Zabezpieczony Rynku Polskiego (Pioneer Strategie Funduszowe SFIO),"11,19",PLN,"-0,09","0,09","0,09","0,99","-1,84","2,10",2016-03-23,0
Pioneer Zmiennej Alokacji (Pioneer Strategie Funduszowe SFIO),"12,69",PLN,"-0,08","0,16","0,40","0,48","-2,76","2,92",2016-03-23,0
Pioneer Zmiennej Alokacji - Rynki Europy Wschodniej (Pioneer Strategie Funduszowe SFIO),"9,82",PLN,"-0,10","0,20","0,82","0,72","-2,77","-4,75",2016-03-23,0
Pioneer Zmiennej Alokacji - Rynki Wschodzące (Pioneer Strategie Funduszowe SFIO),"9,57",PLN,"-0,10","0,21","0,84","0,63","-1,44","-3,82",2016-03-23,0
Pioneer Zmiennej Alokacji 2 (Pioneer Strategie Funduszowe SFIO),"11,46",PLN,"-0,09","0,09","0,44","0,70","-2,38","3,71",2016-03-23,0
Pioneer Zmiennej Alokacji 3 (Pioneer Strategie Funduszowe SFIO),"11,54",PLN,"-0,09","0,09","0,26","0,35","-3,27","5,58",2016-03-23,0
Pioneer Zmiennej Alokacji Rynku Amerykańskiego (Pioneer Strategie Funduszowe SFIO),"12,74",PLN,"-0,08","0,08","0,32","0,79","0,16","14,98",2016-03-23,0
Pioneer Zmiennej Alokacji Rynku Polskiego (Pioneer Strategie Funduszowe SFIO),"10,34",PLN,"-0,10","0,10","0,39","0,29","-3,45","1,17",2016-03-23,0
Pioneer Zrównoważony (Pioneer FIO),"109,06",PLN,"-0,57","0,35","2,58","-1,14","-12,37","-4,90",2016-03-23,0
Pioneer Zrównoważony Rynku Amerykańskiego (Pioneer Walutowy FIO),"49,28",PLN,"-0,30","-1,54","-0,58","-3,50","-7,07","27,21",2016-03-23,0
Pioneer Zrównoważony Rynku Amerykańskiego (USD) (Pioneer Walutowy FIO),"12,97",USD,"-0,31","0,39","3,76","-1,29","-6,62","8,35",2016-03-23,0
PKO Akcji Dywidendowych Globalny (Parasolowy FIO),"102,47",PLN,"-0,18","-0,22","3,48","-2,90","0,00","0,00",2016-03-23,0
PKO Akcji Dywidendowych Globalny A1 (Parasolowy FIO),"102,83",PLN,"-0,17","-0,21","3,54","-2,72","0,00","0,00",2016-03-23,0
PKO Akcji Małych i Średnich Spółek (Parasolowy FIO),"210,93",PLN,"-0,41","0,50","3,99","-1,84","-5,16","29,90",2016-03-23,0
PKO Akcji Małych i Średnich Spółek A1 (Parasolowy FIO),"216,08",PLN,"-0,41","0,52","4,07","-1,60","-4,20","33,07",2016-03-23,0
PKO Akcji Nowa Europa (Parasolowy FIO),"98,55",PLN,"-1,70","-0,49","4,12","3,02","-1,96","5,04",2016-03-23,0
PKO Akcji Nowa Europa A1 (Parasolowy FIO),"107,67",PLN,"-1,68","-0,46","4,21","3,29","-0,97","8,27",2016-03-23,0
PKO Akcji Plus (Parasolowy FIO),"76,66",PLN,"-1,01","0,17","4,60","1,83","-8,26","15,99",2016-03-23,5
PKO Akcji Plus A1 (Parasolowy FIO),"78,75",PLN,"-1,02","0,18","4,68","2,09","-7,33","19,08",2016-03-23,0
PKO Akcji Rynków Wschodzących (Parasolowy FIO),"82,39",PLN,"-1,03","2,65","7,81","-0,43","0,00","0,00",2016-03-23,0
PKO Akcji Rynków Wschodzących A1 (Parasolowy FIO),"82,88",PLN,"-1,03","2,68","7,89","-0,18","0,00","0,00",2016-03-23,0
PKO Akcji Rynku Amerykańskiego (Parasolowy FIO),"95,21",PLN,"-0,43","1,02","5,26","-0,94","0,00","0,00",2016-03-23,0
PKO Akcji Rynku Amerykańskiego A1 (Parasolowy FIO),"95,77",PLN,"-0,43","1,04","5,35","-0,69","0,00","0,00",2016-03-23,0
PKO Akcji Rynku Azji i Pacyfiku (Parasolowy FIO),"85,96",PLN,"-0,90","1,80","6,61","-2,04","0,00","0,00",2016-03-23,0
PKO Akcji Rynku Azji i Pacyfiku A1 (Parasolowy FIO),"86,47",PLN,"-0,89","1,83","6,70","-1,79","0,00","0,00",2016-03-23,0
PKO Akcji Rynku Europejskiego (Parasolowy FIO),"85,54",PLN,"0,00","-0,63","2,52","-6,86","0,00","0,00",2016-03-23,0
PKO Akcji Rynku Europejskiego A1 (Parasolowy FIO),"86,06",PLN,"0,00","-0,61","2,57","-6,69","0,00","0,00",2016-03-23,0
PKO Akcji Rynku Japońskiego (Parasolowy FIO),"83,63",PLN,"-0,01","0,48","6,32","-12,18","0,00","0,00",2016-03-23,0
PKO Akcji Rynku Japońskiego A1 (Parasolowy FIO),"84,13",PLN,"0,00","0,51","6,41","-11,96","0,00","0,00",2016-03-23,0
PKO Akcji Rynku Złota (Parasolowy FIO),"97,82",PLN,"-4,34","-6,05","0,63","33,14","0,00","0,00",2016-03-23,0
PKO Akcji Rynku Złota A1 (Parasolowy FIO),"98,16",PLN,"-4,34","-6,04","0,68","33,32","0,00","0,00",2016-03-23,0
PKO Bezpieczna Lokata I FIZ,"105,88",PLN,"0,00","0,00","0,00","0,20","0,00","0,00",2016-03-23,0
PKO Dóbr Luksusowych Globalny (Parasolowy FIO),"151,10",PLN,"-0,16","0,06","4,70","-1,28","-0,33","24,17",2016-03-23,0
PKO Dóbr Luksusowych Globalny A1 (Parasolowy FIO),"154,65",PLN,"-0,15","0,08","4,78","-1,04","0,68","27,09",2016-03-23,0
PKO Europa Wschód-Zachód FIZ seria A,"107,17",PLN,"0,00","0,00","0,01","0,00","0,00","0,00",2016-03-23,0
PKO Europa Wschód-Zachód FIZ seria B,"107,74",PLN,"0,00","0,00","0,00","0,00","0,00","0,00",2016-03-23,0
PKO Europa Wschód-Zachód FIZ seria C,"105,28",PLN,"0,00","0,00","0,01","0,00","0,00","0,00",2016-03-23,0
PKO Europa Wschód-Zachód FIZ seria D,"106,75",PLN,"0,00","0,00","0,01","0,43","0,00","0,00",2016-03-23,0
PKO Globalnego Dochodu FIZ,"99,98",PLN,"0,00","0,00","0,00","-0,04","0,00","0,00",2016-03-23,0
PKO Globalnej Makroekonomii FIZ seria A,"1 380,10",PLN,"0,00","0,00","1,59","0,00","0,00","0,00",2016-03-23,0
PKO Globalnej Makroekonomii FIZ seria B,"1 345,69",PLN,"0,00","0,00","1,47","0,00","0,00","0,00",2016-03-23,0
PKO Globalnej Makroekonomii FIZ seria C,"1 359,87",PLN,"0,00","0,00","1,47","0,00","0,00","0,00",2016-03-23,0
PKO Globalnej Makroekonomii FIZ seria D,"1 345,32",PLN,"0,00","0,00","1,47","0,00","0,00","0,00",2016-03-23,0
PKO Globalnej Makroekonomii FIZ seria E,"1 359,05",PLN,"0,00","0,00","1,47","0,00","0,00","0,00",2016-03-23,0
PKO Globalnej Makroekonomii FIZ seria F,"1 380,56",PLN,"0,00","0,00","1,47","0,00","0,00","0,00",2016-03-23,0
PKO Globalnej Makroekonomii FIZ seria G,"1 368,04",PLN,"0,00","0,00","1,47","0,00","0,00","0,00",2016-03-23,0
PKO Globalnej Makroekonomii FIZ seria H,"1 384,21",PLN,"0,00","0,00","1,47","0,00","0,00","0,00",2016-03-23,0
PKO Globalnej Makroekonomii FIZ seria I,"1 394,35",PLN,"0,00","0,00","1,49","4,46","0,00","0,00",2016-03-23,0
PKO Globalnej Makroekonomii FIZ seria J,"1 358,72",PLN,"0,00","0,00","0,00","0,00","0,00","0,00",2016-03-23,0
PKO Globalnej Strategii FIZ,"107,42",PLN,"0,00","0,00","0,99","0,00","0,00","0,00",2016-03-23,0
PKO Infrastruktury i Budownictwa Globalny (Parasolowy FIO),"83,59",PLN,"-0,02","1,14","6,52","0,80","0,14","7,21",2016-03-23,0
PKO Infrastruktury i Budownictwa Globalny A1 (Parasolowy FIO),"85,90",PLN,"-0,02","1,15","6,60","1,04","1,14","10,17",2016-03-23,0
PKO Multi Strategia FIZ seria A,"98,09",PLN,"0,00","0,00","-0,14","0,00","0,00","0,00",2016-03-23,0
PKO Multi Strategia FIZ seria B,"98,92",PLN,"0,00","0,00","-0,14","0,00","0,00","0,00",2016-03-23,0
PKO Multi Strategia FIZ seria C,"98,83",PLN,"0,00","0,00","-0,14","0,00","0,00","0,00",2016-03-23,0
PKO Multi Strategia FIZ seria D,"98,60",PLN,"0,00","0,00","-0,14","-2,81","0,00","0,00",2016-03-23,0
PKO Nieruchomości Komercyjnych FIZ AN,"10,14",PLN,"0,00","0,00","0,00","0,00","0,00","0,00",2016-03-23,0
PKO Obligacji Długoterminowych (Parasolowy FIO),"201,41",PLN,"-0,07","0,01","0,43","1,64","1,58","11,31",2016-03-23,5
PKO Obligacji Długoterminowych A1 (Parasolowy FIO),"205,84",PLN,"-0,08","0,01","0,45","1,68","1,95","12,84",2016-03-23,0
PKO Obligacji Korporacyjnych FIZ seria A,"119,80",PLN,"0,00","0,00","0,13","0,00","0,00","0,00",2016-03-23,0
PKO Obligacji Korporacyjnych FIZ seria B,"119,35",PLN,"0,00","0,00","0,13","0,00","0,00","0,00",2016-03-23,0
PKO Obligacji Korporacyjnych FIZ seria C,"118,85",PLN,"0,00","0,00","0,13","0,00","0,00","0,00",2016-03-23,0
PKO Obligacji Korporacyjnych FIZ seria D,"120,09",PLN,"0,00","0,00","0,13","0,00","0,00","0,00",2016-03-23,0
PKO Obligacji Korporacyjnych FIZ seria E,"119,45",PLN,"0,00","0,00","0,13","0,00","0,00","0,00",2016-03-23,0
PKO Obligacji Korporacyjnych FIZ seria F,"119,69",PLN,"0,00","0,00","0,00","0,00","0,00","0,00",2016-03-23,0
PKO Papierów Dłużnych Plus (Parasolowy FIO),"163,56",PLN,"-0,09","-0,06","0,29","1,15","1,03","7,34",2016-03-23,4
PKO Papierów Dłużnych Plus A1 (Parasolowy FIO),"166,59",PLN,"-0,08","-0,05","0,30","1,20","1,40","8,82",2016-03-23,0
PKO Papierów Dłużnych USD (Parasolowy FIO),"106,14",PLN,"-0,14","-1,32","-3,22","-0,11","0,00","0,00",2016-03-23,0
PKO Papierów Dłużnych USD A1 (Parasolowy FIO),"106,31",PLN,"-0,14","-1,32","-3,21","-0,09","0,00","0,00",2016-03-23,0
PKO Płynnościowy SFIO,"11,25",PLN,"0,00","0,00","0,18","1,17","1,99","10,08",2016-03-23,5
PKO Płynnościowy SFIO A1,"11,32",PLN,"0,00","0,00","0,18","1,16","2,17","10,76",2016-03-23,0
PKO Rynku Pieniężnego (Parasolowy FIO),"1 429,49",PLN,"-0,00","0,02","0,09","0,48","0,97","5,50",2016-03-23,0
PKO Rynku Pieniężnego A1 (Parasolowy FIO),"1 445,10",PLN,"-0,00","0,02","0,10","0,51","1,07","5,82",2016-03-23,0
PKO Skarbowy (Parasolowy FIO),"2 083,46",PLN,"-0,03","-0,02","0,25","1,04","1,40","6,77",2016-03-23,1
PKO Skarbowy A1 (Parasolowy FIO),"2 131,26",PLN,"-0,03","-0,02","0,26","1,07","1,51","7,10",2016-03-23,0
PKO Spółek Innowacyjnych Globalny FIZ seria A,"114,44",PLN,"0,00","0,00","4,54","0,00","0,00","0,00",2016-03-23,0
PKO Spółek Innowacyjnych Globalny FIZ seria B,"107,79",PLN,"0,00","0,00","3,53","0,00","0,00","0,00",2016-03-23,0
PKO Spółek Innowacyjnych Globalny FIZ seria C,"114,66",PLN,"0,00","0,00","3,55","0,00","0,00","0,00",2016-03-23,0
PKO Stabilnego Wzrostu (Parasolowy FIO),"147,26",PLN,"-0,43","-0,10","1,76","1,04","-2,91","8,95",2016-03-23,0
PKO Stabilnego Wzrostu A1 (Parasolowy FIO),"156,51",PLN,"-0,43","-0,08","1,80","1,17","-2,43","10,61",2016-03-23,0
PKO Strategicznej Alokacji (Parasolowy FIO),"88,07",PLN,"-0,74","-0,06","3,61","3,49","-3,81","2,57",2016-03-23,2
PKO Strategicznej Alokacji A1 (Parasolowy FIO),"88,07",PLN,"-0,74","-0,06","3,61","3,49","-3,81","2,57",2016-03-23,0
PKO Strategii Obligacyjnych FIZ,"103,55",PLN,"0,00","0,00","0,00","0,00","0,00","0,00",2016-03-23,0
PKO Surowców Globalny (Parasolowy FIO),"86,98",PLN,"-2,58","-2,99","9,12","25,51","1,98","-12,18",2016-03-23,0
PKO Surowców Globalny A1 (Parasolowy FIO),"89,02",PLN,"-2,58","-2,98","9,20","25,82","3,01","-10,12",2016-03-23,0
PKO Technologii i Innowacji Globalny (Parasolowy FIO),"170,46",PLN,"-0,61","0,67","5,59","-1,75","-0,76","43,11",2016-03-23,0
PKO Technologii i Innowacji Globalny A1 (Parasolowy FIO),"174,62",PLN,"-0,61","0,68","5,66","-1,51","0,24","46,60",2016-03-23,0
PKO Zabezpieczenia Emerytalnego 2020 (PKO Zabezpieczenia Emerytalnego SFIO),"11,19",PLN,"0,00","0,00","0,36","1,45","1,45","8,54",2016-03-23,0
PKO Zabezpieczenia Emerytalnego 2030 (PKO Zabezpieczenia Emerytalnego SFIO),"11,11",PLN,"-0,54","0,09","1,74","0,73","-3,98","7,97",2016-03-23,0
PKO Zabezpieczenia Emerytalnego 2040 (PKO Zabezpieczenia Emerytalnego SFIO),"10,75",PLN,"-0,65","0,09","2,28","0,66","-6,85","5,70",2016-03-23,0
PKO Zabezpieczenia Emerytalnego 2050 (PKO Zabezpieczenia Emerytalnego SFIO),"11,17",PLN,"-0,98","0,27","4,00","1,18","-6,13","10,48",2016-03-23,0
PKO Zabezpieczenia Emerytalnego 2060 (PKO Zabezpieczenia Emerytalnego SFIO),"11,35",PLN,"-0,96","0,27","4,03","1,07","-6,89","10,19",2016-03-23,0
PKO Zrównoważony (Parasolowy FIO),"125,27",PLN,"-0,58","-0,04","2,66","1,22","-4,71","8,00",2016-03-23,0
PKO Zrównoważony A1 (Parasolowy FIO),"141,50",PLN,"-0,57","-0,01","2,76","1,50","-3,66","11,63",2016-03-23,0
Pragma 1 FIZ NFS,"104,54",PLN,"0,00","0,00","0,56","5,06","23,56","0,00",2016-03-23,0
Pretium SFIO,"9,53",PLN,"0,00","0,00","-0,21","-0,63","-2,16","-4,70",2016-03-18,0
Provide Able 2 Trend FIZ,"82,87",PLN,"0,00","0,00","-1,44","0,00","0,00","0,00",2016-03-23,0
PZU Akcji KRAKOWIAK (PZU FIO Parasolowy),"88,57",PLN,"-0,65","1,02","4,05","0,99","-16,78","-11,78",2016-03-23,1
PZU Akcji Małych i Średnich Spółek (PZU FIO Parasolowy),"47,44",PLN,"0,59","2,02","4,70","1,82","-3,28","12,26",2016-03-23,1
PZU Akcji Nowa Europa (PZU FIO Parasolowy),"42,94",PLN,"-1,15","0,49","5,63","2,14","-7,16","-10,93",2016-03-23,0
PZU Akcji Rynków Rozwiniętych (EUR) (GI SFIO),"41,29",EUR,"-0,12","1,03","7,64","-4,04","-10,90","23,36",2016-03-23,0
PZU Akcji Rynków Rozwiniętych (GI SFIO),"175,63",PLN,"-0,24","-0,01","4,88","-3,87","-8,20","25,35",2016-03-23,2
PZU Akcji Rynków Wschodzących (EUR) (GI SFIO),"21,42",EUR,"-1,24","3,53","13,94","-1,88","-18,71","-25,68",2016-03-23,0
PZU Akcji Rynków Wschodzących (GI SFIO),"91,09",PLN,"-1,38","2,45","10,98","-1,70","-16,29","-24,48",2016-03-23,0
PZU Akcji Spółek Dywidendowych (EUR) (GI SFIO),"23,13",EUR,"-0,30","3,77","10,04","6,25","9,41","15,02",2016-03-23,0
PZU Akcji Spółek Dywidendowych (GI SFIO),"98,36",PLN,"-0,44","2,65","7,17","6,39","12,67","16,86",2016-03-23,1
PZU Dłużny Rynków Wschodzących (EUR) (GI SFIO),"30,29",EUR,"0,03","1,51","4,20","1,95","-2,29","9,35",2016-03-23,0
PZU Dłużny Rynków Wschodzących (GI SFIO),"128,84",PLN,"-0,09","0,45","1,53","2,15","0,65","11,13",2016-03-23,0
PZU Energia Medycyna Ekologia (PZU FIO Parasolowy),"80,18",PLN,"-1,82","1,19","0,97","-18,81","-27,00","6,94",2016-03-23,0
PZU FIO Ochrony Majątku,"60,64",PLN,"-0,02","-0,02","0,03","0,43","0,60","4,43",2016-03-23,1
PZU FIZ Akcji Focus,"1 017,03",PLN,"0,00","0,00","2,74","1,70","0,00","0,00",2016-03-23,0
PZU FIZ Akord,"106,03",PLN,"0,00","0,00","1,33","0,00","0,00","0,00",2016-03-23,0
PZU FIZ Forte,"1 175,03",PLN,"0,00","0,00","0,97","0,00","0,00","0,00",2016-03-23,0
PZU FIZ Medyczny,"994,01",PLN,"0,00","0,00","-3,84","0,00","0,00","0,00",2016-03-23,0
PZU FIZ Surowcowy,"997,14",PLN,"0,00","0,00","1,30","0,00","0,00","0,00",2016-03-23,0
PZU Gotówkowy (PZU FIO Parasolowy),"74,59",PLN,"0,01","0,05","0,21","1,00","1,19","7,28",2016-03-23,4
PZU Papierów Dłużnych POLONEZ (PZU FIO Parasolowy),"161,28",PLN,"-0,02","0,16","0,21","1,14","1,49","15,42",2016-03-23,4
PZU Sejf+ (PZU FIO Parasolowy),"61,80",PLN,"0,03","0,03","0,24","0,29","0,72","7,03",2016-03-23,0
PZU SFIO Universum,"1 394,53",PLN,"-0,20","0,48","0,71","0,92","1,32","0,00",2016-03-23,5
PZU Stabilnego Wzrostu Mazurek (PZU FIO Parasolowy),"129,18",PLN,"-0,25","0,57","1,64","0,98","-4,66","3,99",2016-03-23,4
PZU Zrównoważony (PZU FIO Parasolowy),"68,03",PLN,"-0,25","1,33","3,66","2,49","-8,39","3,75",2016-03-23,4
QUERCUS Absolute Return FIZ,"1 541,89",PLN,"0,00","0,00","-0,29","0,00","0,00","0,00",2016-03-23,0
QUERCUS Absolutnego Zwrotu FIZ,"1 400,23",PLN,"0,00","0,00","1,79","0,00","0,00","0,00",2016-03-23,0
QUERCUS Agresywny (Parasolowy SFIO),"163,98",PLN,"-0,29","0,85","3,50","3,02","-7,14","10,39",2016-03-23,5
QUERCUS Gold (Parasolowy SFIO),"52,77",PLN,"-2,31","-3,56","-1,16","13,31","-0,98","0,00",2016-03-23,0
QUERCUS lev (Parasolowy SFIO),"56,11",PLN,"-3,19","2,13","8,07","3,43","-38,71","-39,04",2016-03-23,0
QUERCUS Multistrategy FIZ,"1 018,18",PLN,"0,00","0,00","2,50","1,79","0,00","0,00",2016-03-23,0
QUERCUS Ochrony Kapitału (Parasolowy SFIO),"140,25",PLN,"0,00","0,04","0,16","0,58","2,31","8,91",2016-03-23,0
QUERCUS Rosja (Parasolowy SFIO),"58,46",PLN,"-1,96","1,32","8,84","6,99","-2,53","-36,21",2016-03-23,0
QUERCUS Selektywny (Parasolowy SFIO),"146,35",PLN,"0,08","0,92","1,91","1,40","0,05","14,38",2016-03-23,0
QUERCUS short (Parasolowy SFIO),"92,18",PLN,"1,78","-1,23","-4,60","-3,78","16,24","1,79",2016-03-23,0
QUERCUS Stabilny (Parasolowy SFIO),"114,60",PLN,"0,06","0,52","1,23","1,35","2,09","0,00",2016-03-23,0
QUERCUS Turcja (Parasolowy SFIO),"98,64",PLN,"-0,79","-0,63","1,81","3,57","-11,52","-30,78",2016-03-23,0
Raiffeisen Aktywnego Inwestowania (Raiffeisen SFIO Parasolowy),"116,66",PLN,"0,13","0,74","1,53","1,09","7,62","0,00",2016-03-23,0
Raiffeisen Aktywnego Oszczędzania (Raiffeisen SFIO Parasolowy),"104,46",PLN,"0,04","0,11","0,35","1,75","1,51","0,00",2016-03-23,3
Raiffeisen Globalnych Możliwości (Raiffeisen SFIO Parasolowy),"96,13",PLN,"-0,03","0,78","1,32","0,96","-6,50","0,00",2016-03-23,0
Raiffeisen Obligacji Korporacyjnych (Raiffeisen SFIO Parasolowy),"104,59",PLN,"-0,01","0,24","1,33","2,19","2,39","0,00",2016-03-23,1
SATURN Agresywny FIZ,"111,12",PLN,"0,00","3,32","7,22","0,00","0,00","0,00",2016-03-23,1
SATURN Depozytowy FIZ,"113,52",PLN,"0,00","0,08","0,40","0,00","0,00","0,00",2016-03-23,0
SECUS FIZ InMedica,"133,46",PLN,"0,00","0,00","-0,64","0,00","0,00","0,00",2016-03-23,0
SECUS FIZ InProperty,"107,97",PLN,"0,00","0,00","0,00","0,00","0,00","0,00",2016-03-23,0
SECUS FIZ InReturn,"136,58",PLN,"0,00","0,00","11,69","0,00","0,00","0,00",2016-03-23,0
SECUS FIZ InSecura Plus,"111,71",PLN,"0,00","0,00","1,10","0,00","0,00","0,00",2016-03-23,0
SECUS NSFIZ InSecura,"237 455,00",PLN,"0,00","0,00","0,41","0,00","0,00","0,00",2016-03-23,0
SFIO AGRO Kapitał na Rozwój,"217 521,00",PLN,"0,14","0,14","0,24","-0,36","-1,93","-0,67",2016-03-23,0
SGB Dłużny (UniFundusze SFIO),"1 000,09",PLN,"0,00","0,00","0,00","0,00","0,00","0,00",2016-03-24,0
SGB Gotówkowy (UniFundusze SFIO),"1 063,46",PLN,"0,01","0,01","0,26","0,76","1,46","0,00",2016-03-24,3
SGB WI Lasy Polskie FIZ AN,"948,13",PLN,"0,00","0,00","0,36","1,64","0,00","0,00",2016-03-23,0
SGB Zagraniczny (UniFundusze SFIO),"986,89",PLN,"-0,00","0,19","0,68","-1,06","0,00","0,00",2016-03-24,0
Skarbiec - Obligacyjny FIZ,"13 450,40",PLN,"0,00","0,00","0,23","0,00","0,00","0,00",2016-03-23,3
Skarbiec - Obligacyjny Nowej Europy FIZ,"12 051,10",PLN,"0,00","0,00","0,42","0,00","0,00","0,00",2016-03-23,0
Skarbiec - SMARTFIZ FIZ,"11 611,00",PLN,"0,00","0,00","-1,09","0,00","0,00","0,00",2016-03-23,0
Skarbiec - Top Funduszy Akcji SFIO,"132,29",PLN,"-0,01","0,76","3,73","-0,88","-13,84","-2,91",2016-03-23,3
Skarbiec - Top Funduszy Stabilnych SFIO,"162,96",PLN,"-0,07","0,46","2,81","0,74","-5,40","4,89",2016-03-23,4
Skarbiec Absolute Return Globalnych Obligacji FIZ,"10 337,50",PLN,"0,00","0,00","0,33","0,20","0,00","0,00",2016-03-23,0
Skarbiec Akcja (Skarbiec FIO),"247,02",PLN,"-0,32","0,53","3,40","-2,06","-17,50","-8,96",2016-03-23,4
Skarbiec Depozytowy DPW (Skarbiec FIO),"33,95",PLN,"-0,06","0,09","0,41","0,92","0,53","8,22",2016-03-23,0
Skarbiec Dochodowych Nieruchomości FIZ AN,"102,52",PLN,"0,00","0,00","0,04","0,00","0,00","0,00",2016-03-23,0
Skarbiec Football FIZ AN seria A,"10 225,80",PLN,"0,00","0,00","0,00","0,00","0,00","0,00",2016-03-23,0
Skarbiec Football FIZ AN seria B,"10 158,00",PLN,"0,00","0,00","0,00","0,00","0,00","0,00",2016-03-23,0
Skarbiec Football FIZ AN seria C,"10 032,10",PLN,"0,00","0,00","0,00","0,32","0,00","0,00",2016-03-23,0
Skarbiec Globalny Małych i Średnich Spółek (Skarbiec FIO),"129,82",PLN,"0,26","-0,16","2,99","-8,40","0,00","0,00",2016-03-23,0
Skarbiec Globalnych Obligacji Korporacyjnych FIZ,"9 831,68",PLN,"0,00","0,00","0,54","0,00","0,00","0,00",2016-03-23,0
Skarbiec III Filar (Skarbiec FIO),"146,82",PLN,"-0,14","0,19","1,80","-0,75","-8,52","5,50",2016-03-23,0
Skarbiec Kasa Pieniężny (Skarbiec FIO),"333,18",PLN,"0,00","0,04","0,12","0,65","1,26","6,01",2016-03-23,0
Skarbiec Lokacyjny (Skarbiec FIO),"127,78",PLN,"0,00","0,30","2,96","1,61","-0,53","9,57",2016-03-23,0
Skarbiec Magna FIZ,"10 019,00",PLN,"0,00","0,00","0,19","0,00","0,00","0,00",2016-03-23,0
Skarbiec Market Neutral (Skarbiec FIO),"123,17",PLN,"0,55","-0,62","-2,15","-4,17","-0,77","13,16",2016-03-23,0
Skarbiec Market Opportunities (Skarbiec FIO),"136,82",PLN,"0,34","-0,41","-0,01","-2,32","-7,95","0,00",2016-03-23,0
Skarbiec Małych i Średnich Spółek (Skarbiec FIO),"68,14",PLN,"0,35","-0,16","2,99","-1,47","-6,14","24,41",2016-03-23,5
Skarbiec MultiAsset FIZ,"10 083,90",PLN,"0,00","0,00","0,61","0,00","0,00","0,00",2016-03-23,0
Skarbiec na 5 FIZ AN,"100,00",PLN,"0,00","0,00","0,00","0,00","0,00","0,00",2016-03-23,0
Skarbiec Obligacja Instrumentów Dłużnych (Skarbiec FIO),"298,03",PLN,"-0,05","0,06","0,35","0,87","-0,15","9,82",2016-03-23,0
Skarbiec Obligacji Globalnych (Skarbiec FIO),"100,83",PLN,"0,01","0,06","0,17","0,75","0,00","0,00",2016-03-23,0
Skarbiec Rynków Rozwiniętych (Skarbiec FIO),"91,48",PLN,"-0,27","0,20","4,91","-7,39","-12,46","8,00",2016-03-23,0
Skarbiec Rynków Rozwiniętych (USD) (Skarbiec FIO),"24,07",USD,"-0,29","2,16","9,51","-5,27","-12,06","-8,02",2016-03-23,0
Skarbiec Rynków Surowcowych (Skarbiec FIO),"51,41",PLN,"-1,25","0,33","5,65","0,63","-22,27","-46,92",2016-03-23,0
Skarbiec Rynków Wschodzących (EUR) (Skarbiec FIO),"1,66",EUR,"-1,19","1,84","6,41","-4,05","-18,23","-18,23",2016-03-23,0
Skarbiec Rynków Wschodzących (Skarbiec FIO),"7,07",PLN,"-1,26","1,00","4,12","-3,55","-15,83","-16,73",2016-03-23,1
Skarbiec Spółek Wzrostowych (Skarbiec FIO),"65,01",PLN,"-0,05","0,56","4,74","-8,81","-14,86","11,99",2016-03-23,5
Skarbiec Top Brands (Skarbiec FIO),"112,64",PLN,"-0,14","0,65","5,43","-10,43","-13,50","0,00",2016-03-23,1
Skarbiec Waga Zrównoważony (Skarbiec FIO),"269,53",PLN,"-0,11","0,46","3,04","-1,62","-10,23","-0,96",2016-03-23,3
Skarbiec Zdrowia FIZ AN,"10 000,00",PLN,"0,00","0,00","0,00","0,00","0,00","0,00",2016-03-23,0
SKOK Akcji (SKOK PARASOL FIO),"88,19",PLN,"-0,65","1,82","4,07","3,53","-3,97","4,80",2016-03-23,5
SKOK Etyczny 1 (SKOK PARASOL FIO),"122,60",PLN,"0,01","0,02","-0,03","1,24","-0,02","4,00",2016-03-23,1
SKOK Etyczny 2 (SKOK PARASOL FIO),"96,15",PLN,"-0,35","0,91","2,02","-0,12","-7,01","0,00",2016-03-23,2
SKOK FIO Rynku Pieniężnego,"149,83",PLN,"-0,01","0,03","0,04","0,88","0,87","5,86",2016-03-23,0
SKOK Gotówkowy (SKOK PARASOL FIO),"120,61",PLN,"0,02","0,07","0,13","0,91","-0,10","7,26",2016-03-23,3
SKOK Obligacji (SKOK PARASOL FIO),"174,72",PLN,"0,03","0,07","0,22","1,81","0,00","0,00",2016-03-23,0
SKOK Stabilny Zmiennej Alokacji (SKOK PARASOL FIO),"135,71",PLN,"-0,13","0,00","0,28","-0,75","-3,89","3,82",2016-03-23,1
Solution One FIZ seria C,"113,09",PLN,"0,00","0,00","-1,58","0,00","0,00","0,00",2016-03-23,0
subGO Fund Wierzytelności (GO FUND FIZ),"3,06",PLN,"0,00","0,00","0,00","-0,16","0,00","0,00",2016-03-23,0
subGO Micro (GO FUND FIZ),"1,10",PLN,"0,00","0,00","0,00","-5,44","0,00","0,00",2016-03-23,0
subGO Obligacje 1 (GO FUND FIZ),"1,67",PLN,"0,00","0,00","0,00","1,05","0,00","0,00",2016-03-23,0
subGO Wierzytelności Płynnych (GO FUND FIZ),"1,10",PLN,"0,00","0,00","0,00","1,15","0,00","0,00",2016-03-23,0
Superfund Akcji (EUR) (Superfund SFIO),"191,66",EUR,"-0,76","0,79","2,28","-1,15","-9,19","14,22",2016-03-23,0
Superfund Akcji (Superfund SFIO),"815,20",PLN,"-0,89","-0,25","-0,34","-0,98","-6,45","16,06",2016-03-23,4
Superfund Akcji (USD) (Superfund SFIO),"214,47",USD,"-0,91","1,69","4,02","1,27","-6,03","-1,19",2016-03-23,0
Superfund Akcyjny (Superfund SFIO Portfelowy),"99,57",PLN,"-0,95","-0,33","-0,42","-1,87","-9,66","0,00",2016-03-23,4
Superfund Alternatywny (Superfund SFIO Portfelowy),"114,21",PLN,"0,14","1,65","-2,30","-5,46","-12,72","0,00",2016-03-23,0
Superfund B (EUR) (Superfund SFIO),"231,36",EUR,"-0,25","3,13","1,76","-4,46","-13,58","15,16",2016-03-23,0
Superfund B (Superfund SFIO),"984,06",PLN,"-0,39","2,07","-0,86","-4,30","-10,97","17,01",2016-03-23,0
Superfund B (USD) (Superfund SFIO),"258,90",USD,"-0,40","4,05","3,48","-2,12","-10,57","-0,38",2016-03-23,0
Superfund C (EUR) (Superfund SFIO),"204,22",EUR,"-0,24","3,15","2,06","-4,00","-14,64","15,97",2016-03-23,0
Superfund C (Superfund SFIO),"868,61",PLN,"-0,37","2,07","-0,56","-3,83","-12,07","17,83",2016-03-23,0
Superfund C (USD) (Superfund SFIO),"228,52",USD,"-0,39","4,06","3,79","-1,65","-11,67","0,32",2016-03-23,0
Superfund Goldfuture (EUR) (Superfund SFIO),"150,78",EUR,"0,18","4,59","5,01","14,50","-8,44","-21,68",2016-03-23,0
Superfund Goldfuture (Superfund SFIO),"641,33",PLN,"0,05","3,51","2,32","14,71","-5,67","-20,43",2016-03-23,0
Superfund Goldfuture (USD) (Superfund SFIO),"168,73",USD,"0,04","5,52","6,79","17,31","-5,25","-32,25",2016-03-23,0
Superfund Obligacyjny (Superfund SFIO Portfelowy),"104,85",PLN,"-0,02","-0,17","-0,35","-0,18","-1,48","0,00",2016-03-23,1
Superfund Pieniężny (Superfund SFIO Portfelowy),"107,04",PLN,"0,00","-0,01","0,03","0,18","1,90","0,00",2016-03-23,3
Superfund Płynnościowy (EUR) (Superfund SFIO),"357,17",EUR,"0,14","1,05","2,71","0,13","-0,85","0,00",2016-03-23,0
Superfund Płynnościowy (Superfund SFIO),"1 519,15",PLN,"0,00","-0,00","0,07","0,30","2,14","0,00",2016-03-23,4
Superfund Płynnościowy (USD) (Superfund SFIO),"399,67",USD,"-0,01","1,94","4,44","2,57","2,60","0,00",2016-03-23,0
Superfund RED (EUR) (Superfund SFIO),"151,87",EUR,"-0,40","2,74","4,74","0,01","-12,51","-14,76",2016-03-23,0
Superfund RED (Superfund SFIO),"645,94",PLN,"-0,53","1,67","2,05","0,18","-9,87","-13,39",2016-03-23,0
Superfund RED (USD) (Superfund SFIO),"169,94",USD,"-0,54","3,65","6,51","2,46","-9,47","-26,26",2016-03-23,0
Superfund Trend Bis Powiązany SFIO,"88,38",PLN,"-0,38","2,17","-0,85","-3,92","-11,56","15,68",2016-03-23,0
Superfund Trend Bis Powiązany SFIO (EUR),"20,78",EUR,"-0,24","3,23","1,76","-4,11","-14,13","13,86",2016-03-23,0
Superfund Trend Bis Powiązany SFIO (USD),"23,25",USD,"-0,39","4,17","3,47","-1,73","-11,16","-1,52",2016-03-23,0
Superfund Trend Plus Powiązany SFIO kat. Standardowa,"85,30",PLN,"-0,39","2,14","-0,79","-4,24","-12,31","15,13",2016-03-23,0
Superfund Trend Plus Powiązany SFIO kat. Standardowa (EUR),"20,06",EUR,"-0,25","3,24","1,83","-4,39","-14,86","13,33",2016-03-23,0
Superfund Trend Plus Powiązany SFIO kat. Standardowa (USD),"22,44",USD,"-0,40","4,13","3,55","-2,09","-11,93","-1,97",2016-03-23,0
Superfund Trend Podstawowy SFIO,"105,26",PLN,"-0,39","2,23","-0,64","-3,66","-9,95","24,22",2016-03-23,0
Superfund Trend Podstawowy SFIO (EUR),"24,75",EUR,"-0,24","3,30","1,98","-3,81","-12,58","22,28",2016-03-23,0
Superfund Trend Podstawowy SFIO (USD),"27,69",USD,"-0,40","4,22","3,71","-1,49","-9,57","5,73",2016-03-23,0
Templeton Wzrostowych Akcji Polskich (FT FIO),"103,62",PLN,"0,17","1,79","0,00","0,00","0,00","0,00",2016-03-22,0
Total FIZ,"133,61",PLN,"0,00","0,00","1,84","-3,56","0,00","0,00",2016-03-23,0
Trigon Globalni Liderzy Wzrostu FIZ,"90,32",PLN,"0,00","0,00","8,00","-9,68","0,00","0,00",2016-03-23,0
Trigon Polskie Perły FIZ,"119,94",PLN,"0,00","0,00","0,60","0,00","0,00","0,00",2016-03-23,0
Trigon Profit II NSFIZ,"1 988,56",PLN,"0,00","0,00","0,25","1,44","0,00","0,00",2016-03-23,0
Trigon Profit III FIZ,"114,35",PLN,"0,00","0,00","2,13","0,00","0,00","0,00",2016-03-23,0
Trigon Profit IV NSFIZ,"212,54",PLN,"0,00","0,00","1,13","3,47","0,00","0,00",2016-03-23,0
Trigon Profit IX NSFIZ,"183,24",PLN,"0,00","0,00","0,57","0,00","0,00","0,00",2016-03-23,0
Trigon Profit NSFIZ,"1 935,22",PLN,"0,00","0,00","0,48","1,17","0,00","0,00",2016-03-23,0
Trigon Profit V NSFIZ,"181,23",PLN,"0,00","0,00","-0,90","0,61","0,00","0,00",2016-03-23,0
Trigon Profit VII NSFIZ,"183,18",PLN,"0,00","0,00","0,70","2,14","0,00","0,00",2016-03-23,0
Trigon Profit VIII NSFIZ,"179,08",PLN,"0,00","0,00","-0,32","0,00","0,00","0,00",2016-03-23,0
Trigon Profit XI FIZ,"100,52",PLN,"0,00","0,00","0,22","0,51","0,00","0,00",2016-03-23,0
Trigon Profit XV NSFIZ,"179 493,00",PLN,"0,00","0,00","-0,19","0,00","0,00","0,00",2016-03-23,0
Trigon Quantum Absolute Return FIZ,"1 555,93",PLN,"0,00","0,00","1,39","0,00","0,00","0,00",2016-03-23,0
Trigon Quantum Arbitrage FIZ,"1 004,99",PLN,"0,00","0,00","0,00","0,00","0,00","0,00",2016-03-23,0
Trigon Quantum Neutral FIZ,"120,46",PLN,"0,00","0,00","1,14","0,00","0,00","0,00",2016-03-23,0
UniAkcje Biopharma (UniFundusze SFIO),"96,39",PLN,"1,02","0,35","0,27","-7,03","0,00","0,00",2016-03-24,0
UniAkcje Dywidendowy (UniFundusze FIO),"114,07",PLN,"-0,63","0,46","5,39","4,47","-9,84","0,00",2016-03-24,5
UniAkcje Globalny Dywidendowy (UniFundusze SFIO),"100,49",PLN,"0,18","0,11","1,77","-0,56","0,00","0,00",2016-03-24,0
UniAkcje Małych i Średnich Spółek (UniFundusze FIO),"89,86",PLN,"-0,20","0,60","3,88","1,22","-8,34","19,18",2016-03-24,5
UniAkcje Wzrostu (UniFundusze FIO),"89,89",PLN,"-0,97","0,35","4,62","2,67","-9,17","14,33",2016-03-24,5
UniAkcje: Daleki Wschód (UniFundusze SFIO),"95,10",PLN,"0,35","1,91","5,98","1,56","-14,29","0,00",2016-03-24,2
UniAkcje: Nowa Europa (UniFundusze FIO),"105,33",PLN,"-0,48","-0,05","4,29","4,18","-1,20","2,45",2016-03-24,0
UniAkcje: Turcja (UniFundusze FIO),"67,76",PLN,"-0,96","-0,88","4,34","5,78","-14,00","-32,46",2016-03-24,1
UniAktywny Pieniężny (UniFundusze SFIO),"100,50",PLN,"0,00","-0,02","0,27","0,48","0,00","0,00",2016-03-24,0
UniBessa (UniFundusze SFIO),"99,07",PLN,"0,01","0,02","-1,44","-0,61","-1,44","0,00",2016-03-24,0
UniDolar Pieniężny (USD) (UniFundusze FIO),"40,50",USD,"-0,02","0,02","0,05","0,40","1,25","3,95",2016-03-24,0
UniDynamiczna Alokacja Aktywów (UniFundusze SFIO),"92,57",PLN,"-0,27","0,44","2,06","-2,41","0,00","0,00",2016-03-24,0
UniEURIBOR (EUR) (UniFundusze SFIO),"1 186,48",EUR,"-0,02","0,03","0,18","0,31","0,62","3,33",2016-03-24,0
UniKorona Akcje (UniFundusze FIO),"184,92",PLN,"-1,32","0,20","4,12","2,56","-12,66","2,94",2016-03-24,0
UniKorona Obligacje (UniFundusze FIO),"336,40",PLN,"0,07","-0,04","0,09","1,28","-0,04","8,14",2016-03-24,3
UniKorona Pieniężny (UniFundusze FIO),"204,04",PLN,"0,02","0,07","0,43","0,61","0,88","9,93",2016-03-24,0
UniKorona Zrównoważony (UniFundusze FIO),"290,81",PLN,"-0,60","0,31","2,65","2,13","-8,10","2,38",2016-03-24,0
UniLokata (UniFundusze FIO),"115,82",PLN,"0,00","0,03","0,13","0,43","1,92","8,49",2016-03-24,2
UniObligacje Aktywny (UniFundusze SFIO),"150,36",PLN,"0,09","-0,07","0,84","1,93","-1,31","15,07",2016-03-24,5
UniObligacje FIZ,"1 226,04",PLN,"0,00","0,00","0,49","0,00","0,00","0,00",2016-03-23,0
UniObligacje High Yield FIZ,"102,73",PLN,"0,00","0,00","0,28","0,00","0,00","0,00",2016-03-23,0
UniObligacje Zamienne (UniFundusze SFIO),"98,01",PLN,"0,05","0,30","0,93","-3,20","-4,59","0,00",2016-03-24,0
UniObligacje: Nowa Europa (UniFundusze FIO),"202,71",PLN,"0,36","-0,24","-0,34","3,29","-1,28","11,38",2016-03-24,0
UniStabilny Wzrost (UniFundusze FIO),"162,90",PLN,"-0,49","-0,03","1,81","1,63","-6,47","4,60",2016-03-24,5
UniStrategie Dynamiczny (UniFundusze SFIO),"98,84",PLN,"-0,10","0,24","2,40","-3,33","-12,20","0,00",2016-03-24,0
UniSystem 1 (UniSystem FIZ),"968,71",PLN,"0,00","0,00","0,63","0,00","0,00","0,00",2016-03-23,0
Universe 2 NSFIZ,"195 617,00",PLN,"0,00","0,00","0,16","1,41","0,00","0,00",2016-03-23,0
Universe NSFIZ,"221 945,00",PLN,"0,00","0,00","1,22","3,49","0,00","0,00",2016-03-23,0
UniWIBID Plus (UniFundusze SFIO),"1 675,29",PLN,"0,01","0,04","0,14","0,54","2,29","10,45",2016-03-24,0
WI Inwestycje Rolne FIZ AN,"1 440,40",PLN,"0,00","0,00","0,57","0,00","0,00","0,00",2016-03-23,0
WI Inwestycje Selektywne FIZ AN,"1 681,99",PLN,"0,00","0,00","0,44","0,00","0,00","0,00",2016-03-23,0
WI Vivante FIZ AN,"836,38",PLN,"0,00","0,00","0,33","0,00","0,00","0,00",2016-03-23,0
Zolkiewicz & Partners Inwestycji w Wartość FIZ,"104,46",PLN,"0,00","0,00","0,00","-3,98","0,00","0,00",2016-03-23,0
